id	name	canonical_uuid	canonical	surrogate
00000140-21c3-5ec4-82ef-568b755a5fe0	Pustularia velata Le Gal	daf582aa-0990-58bb-a0b8-af68c3eb7ff5	Pustularia velata	false
00000161-37fa-52e5-8689-1aacff87af3d	Empoasca (Matsumurasca) conifera Dworakowska 1994	c2cd0a73-eca3-5cad-b19e-0399387d28d0	Empoasca conifera	false
00000340-e9ec-51bf-970b-34e99e491634	Gibberella macrolopha (Syd.) Dingley, 1952	a5e71dd7-ca21-5c5e-b6ea-34ab1a7ebc13	Gibberella macrolopha	false
0000034f-4826-5c2d-b472-718b72ce0cf8	Solanum tomatillo (J.R�my) F.Phil.	fc2dec13-3ef3-5c5d-bb9f-4f0e8fa36d4c	Solanum tomatillo	false
00000393-d4c1-5774-af87-e49d64420211	Dothiorella guaranitica Speg.	0f6df7cd-8997-587e-8f5b-8949a9b3c580	Dothiorella guaranitica	false
00000398-7fca-537f-96e1-3b7cbb3c8248	Rhysotheca illinoensis (Farl.) G.W. Wilson, 1907	caf41408-922d-586d-8381-04bdbd145ea5	Rhysotheca illinoensis	false
000003f3-8194-5d75-8dd9-22e632fb8089	Helicangiospora	000003f3-8194-5d75-8dd9-22e632fb8089	Helicangiospora	false
00000483-3ec1-5af0-b1d0-568bef1411ad	Rubus x lyprocarpus Kupcsok	ffd986bf-c155-5d5b-81ce-e8e2dacacc29	Rubus × lyprocarpus	false
0000058f-71e5-5aea-98ad-2b3cabd510eb	Strobilanthes renschiae	0000058f-71e5-5aea-98ad-2b3cabd510eb	Strobilanthes renschiae	false
00000607-aa4d-52b8-ac9a-8eab1b3b7997	Lygus dolichorhynchus	00000607-aa4d-52b8-ac9a-8eab1b3b7997	Lygus dolichorhynchus	false
00000612-5bcc-54b0-9476-da350c568013	Tipula luridorostris Schummel 1833	e49cc4ac-1b6b-5e4e-8b4b-863cbd439186	Tipula luridorostris	false
0000068a-bb8c-51d4-b45d-052955d5a9e5	Kochia eriantha	0000068a-bb8c-51d4-b45d-052955d5a9e5	Kochia eriantha	false
000008f4-f5ce-5093-ad6b-0f0d356ff42a	Pheugopedius sclateri columbianus Chapman, 1924	5fd05c46-67a0-5b9f-8829-386690ee19ce	Pheugopedius sclateri columbianus	false
000008f6-a79e-5ab5-9550-f1984c038365	Simulium blantoni Field 1967	5e0d718b-7ebc-5ccb-bfb3-3369d171d4bb	Simulium blantoni	false
00000983-28b3-54c3-a858-e03121fa535d	Metepedanus accentuatus (Roewer, 1911)	7ce58a7d-d3dd-5108-b490-d42c9915f45f	Metepedanus accentuatus	false
00000c43-14d3-5eb5-97c9-f20aebb9ea73	Proteremella africana Balogh 1966	b5e9ee19-b682-5689-8eef-80fc0b783a84	Proteremella africana	false
00000caa-e84c-5af0-961b-b0b61e4ed2a8	Allium dioscoridis	00000caa-e84c-5af0-961b-b0b61e4ed2a8	Allium dioscoridis	false
00000e3f-1838-542a-acce-991aa1c516bc	Grevillea striata R. Br.	f4bb58cd-6e2e-5461-ad88-c0c8df246d39	Grevillea striata	false
00000ecb-60b0-5a6d-af31-b5d0d390ddca	Menacanthus desousai	00000ecb-60b0-5a6d-af31-b5d0d390ddca	Menacanthus desousai	false
00000f07-59a7-585e-9b02-b6f59a650e24	Oxalis lancaefolia Tod.	7387e861-51ed-5e99-9187-bf8c290e3df9	Oxalis lancaefolia	false
00000f1a-b267-56c5-a1e5-aaace2732710	Phacemastix erythreensis	00000f1a-b267-56c5-a1e5-aaace2732710	Phacemastix erythreensis	false
00001061-9f45-5d77-be12-9eda282a230e	Trechiama teradai Ueno, 1971	6bc6aa6b-bcac-599f-a36c-b1a501613c28	Trechiama teradai	false
00001063-01bc-59d6-b021-9f078d60b4bc	Lantana canescens Kunth var. integrifolia Moldenke	397cef4b-39d7-5d8b-a1ba-93ab793f1942	Lantana canescens integrifolia	false
000011e2-457e-5085-9445-4246993d18a6	Amarygmus recens Bremer 2002	46ec51d6-8289-5fbb-badd-72494e6f3019	Amarygmus recens	false
0000127b-46c0-5bad-9b4f-a301cfd68ae8	Russula sp. 75 BW-2014	fc4baadf-1ac6-557f-a902-ba2f2bae51d6	Russula	true
0000127e-4538-54f5-9758-920244a17604	Alcoceratothrix stipulacea (A.Juss.) Nied.	07406c8a-8aec-5415-ac1d-1a3ad16c9413	Alcoceratothrix stipulacea	false
0000129b-0f64-524e-abe4-a585c2cf38cf	Alasmidonta marginata var. variabilis Baker 1928	168d78e6-a631-50ad-a832-a74d20c80d01	Alasmidonta marginata variabilis	false
000012c6-8dea-51aa-b525-e64061c916fc	Lecane gwileti (Tarnogradski 1930)	d064e4b2-0d86-5d9a-a85e-41f6a3896fee	Lecane gwileti	false
000012f9-5173-54c3-8712-9cfcf109b77d	Gonatopus formalis Olmi 1987	bf4c68b6-224d-5a6e-aecc-0a2b552a2546	Gonatopus formalis	false
00001322-2ec5-539b-beb8-db13bdcdb224	Collema aggregatum (Ach.) R�hl. 1813	822fb2d1-ecb0-56a9-b473-11bf2a921ad7	Collema aggregatum	false
00001384-3e9e-5687-8333-2ec5940647f2	Nesopeplus nigricans Sharp & Scott 1908 sec. Grouvelle 1913	9b4404dc-1c5a-50a9-b92f-075f5bba97da	Nesopeplus nigricans	false
000013d2-0561-5ec5-ac9d-289c29ceb502	Cancellaria semota	000013d2-0561-5ec5-ac9d-289c29ceb502	Cancellaria semota	false
00001491-58f8-5c15-b8bb-dfffce22e335	Microthelia miculiformis var. detincta Müll. Arg.	cd32e97c-ff22-5373-bf23-ea68986b38ba	Microthelia miculiformis detincta	false
0000149d-5c00-51f2-bef1-7507e051d6bc	Gnomidolon hamatum Monné & Giesbert, 1994	1e824b2b-d7b9-59b1-aba3-aa7dc6424621	Gnomidolon hamatum	false
00001529-048f-538f-8cc8-8f6bcb6dd890	Gypsophila pinifolia	00001529-048f-538f-8cc8-8f6bcb6dd890	Gypsophila pinifolia	false
000015e3-a5f0-5b95-999e-d03cb47669b0	Caribitroides (Mexitroides) pecki Lindeman 1990	616eda4a-610e-5bd9-9587-8e77377cf7ef	Caribitroides pecki	false
00001616-a51e-5fde-9801-05ceaa5ade10	Echinoderes sensibilis Adrianov, Murakami & Shirayama 2002	8993af18-e461-5b79-a57d-cab1b70b6280	Echinoderes sensibilis	false
000019ea-e2fe-56ba-a984-958ff79bb966	Galega pulchella	000019ea-e2fe-56ba-a984-958ff79bb966	Galega pulchella	false
00001cc2-a9c5-5790-bc5c-b324d757395e	Homosetia fuscocristatella (Chambers 1873)	de5b5e00-c650-5874-a2ef-73db454bdf71	Homosetia fuscocristatella	false
00001feb-9621-5263-8c98-f90ac815c14f	Dudleya pachyphytum R. Moran &amp; M. Benedict	b21257c1-b2e6-5095-8105-1819c56a1c45	Dudleya pachyphytum	false
00002035-5f76-5562-9383-04b3e3337ead	Calamus melanoloma	00002035-5f76-5562-9383-04b3e3337ead	Calamus melanoloma	false
000022b6-dae3-5c58-98f1-49395caf26ff	Cladosporio fasciculatu Corda	b2b30f88-e90a-5ba2-9ec5-622e9d356a9d	Cladosporio fasciculatu	false
000022ca-3688-5ec8-a703-80bf35baed9d	Lineatriton lineola	000022ca-3688-5ec8-a703-80bf35baed9d	Lineatriton lineola	false
00002365-7aab-5740-a98c-0a1f3343cdb5	Inocybe asterospora QuÃ©l.	391ad74a-4e23-5485-ad51-dd9a18a70dd3	Inocybe asterospora	false
00002441-7949-5be6-bcf3-ffe9f8557518	Allochernes creticus	00002441-7949-5be6-bcf3-ffe9f8557518	Allochernes creticus	false
00002604-6599-5cf5-bd55-b1d7b61e9c7b	Ascochyta fragariicola	00002604-6599-5cf5-bd55-b1d7b61e9c7b	Ascochyta fragariicola	false
0000264a-75b6-5025-9902-6d7e29c51e55	Sphaerirostris scanensis (Lundström, 1942)	6917154e-4b87-5472-8245-5870fb087aa1	Sphaerirostris scanensis	false
00002694-5595-5b95-8a1a-409a8062d00a	Galeodila somalica Caporiacco 1945	ecd2e3b5-347d-53fd-bfd9-ee2e1a7bd4c6	Galeodila somalica	false
000026b1-a02e-5d2a-8b5f-30495413babc	Influenza A virus (A/pintail duck/Alberta/1360/1979(H6N2))	a9456e61-bd30-53bc-8588-accb913cc64a
00002736-39d7-51c3-bb99-9cfc2d42ecd6	Saperda (Saperda) populnea Breuning, 1966	ae330d5e-d6e5-5261-a827-f789364905d2	Saperda populnea	false
000027a8-b990-59ed-a89e-17c500ad53d1	Lepidosaphes bicuspis	000027a8-b990-59ed-a89e-17c500ad53d1	Lepidosaphes bicuspis	false
000027e3-65c3-570f-be35-329ecac73c3f	Nothoprodontia boliviana MONNÉ Miguel Ángel, MONNÉ Marcela Laura, 2004	29e25d12-3f59-5aa8-b765-2ae95fc4cbcf	Nothoprodontia boliviana	false
000028ad-6940-5352-8138-1b3904707512	Oedopeza cryptica Monne 1990	408a7935-1fd2-5a01-96a6-9a8f8136e3b8	Oedopeza cryptica	false
00002ba3-24f0-5f21-ab1b-96fd47655df5	Myrcia subsericea	00002ba3-24f0-5f21-ab1b-96fd47655df5	Myrcia subsericea	false
00002bb6-2167-57ec-aafb-cad4ea4b4092	Diplasia karataefolia Rich.	c6b3e9c1-8705-5cfc-967d-1dfc65bee4e9	Diplasia karataefolia	false
00002cb9-1594-54df-a4e6-ca9c5ff88e5a	Astraeus robustus	00002cb9-1594-54df-a4e6-ca9c5ff88e5a	Astraeus robustus	false
00002d94-50d0-5ac6-8ca5-09b85d46ba79	Hyposmochoma empedota Meyrick, 1915	7b404e45-3a0d-592a-905f-3d7abc8475d0	Hyposmochoma empedota	false
00002e38-b926-56da-bde2-f09e775cde1f	Lucidomphrale Kroeber	09534796-2544-55c5-85c2-7bc450781ad4	Lucidomphrale	false
00002e49-5cc6-5644-968e-2995b4ba15c1	Campanula nephrophylla C.Y. Wu	81f304f5-9c3d-50d0-8e6c-bdde719db796	Campanula nephrophylla	false
00002ef5-6ab9-51cb-9ed4-2e5de1ccb268	Lachnospiraceae bacterium hmp_mda_pilot_jcvi_0011	cbb148cf-471c-592b-92ed-88b928d99c7c	Lachnospiraceae bacterium hmp mda pilot jcvi	false
00002f68-e091-526f-92ff-c30a5145ecfb	Pyreneosoma barbieri (Mauriès 1971)	3f75bbe5-79a8-57c8-86bb-d84c40f1949a	Pyreneosoma barbieri	false
00002f9e-a663-5022-9555-f56401c43773	Glochinema bathyperuvensis	00002f9e-a663-5022-9555-f56401c43773	Glochinema bathyperuvensis	false
00003038-5bbc-5032-b527-59cb428811a0	bacterium enrichment culture clone SC-1_11	a9456e61-bd30-53bc-8588-accb913cc64a
00003092-eac2-5340-b089-e36cc5d5ca14	Taramelliceras ernii Cariou & Sequeiros 1987	2a43a150-a798-5f95-a873-0d3e92609ed3	Taramelliceras ernii	false
000032f0-5f05-52d3-8e78-41f62d174477	Batillaria lutulentus (Kiener, 1841)	404a9d73-104e-52af-b878-254e098fb664	Batillaria lutulentus	false
00003347-986d-53c4-824b-3c7991e91560	Callichrus affinis (Swainson, 1839)	117ed462-8fe2-51f2-b719-553c533930a2	Callichrus affinis	false
00003348-ee6a-55dc-a0bd-72761dfa42ba	Agrilus taoi	00003348-ee6a-55dc-a0bd-72761dfa42ba	Agrilus taoi	false
00003501-6b3a-5c97-a2f1-6924f27d8f3b	Craticulina digressum Seguy, 1953	0e680752-9b12-5595-9bc1-c52b0477c9ca	Craticulina digressum	false
00003515-a184-5187-bdea-9998dd2c63b7	Cydia rungsi Amsel, 1952	d76e5610-e006-5b5d-bd02-69f687ca43b1	Cydia rungsi	false
0000353d-95ef-531d-9f58-d3c139819e85	Crossidius coralinus coralinus Monné, 1994	30167982-6f76-57f3-8c0a-643dbbaa212e	Crossidius coralinus coralinus	false
00003549-845a-5427-92e9-1416c35a94ed	Platygaster canestrinii	00003549-845a-5427-92e9-1416c35a94ed	Platygaster canestrinii	false
0000381d-f24e-529b-8047-7bf5a094fbd6	Mesomorphus werneri	0000381d-f24e-529b-8047-7bf5a094fbd6	Mesomorphus werneri	false
00003a4b-16d8-58f1-9f1a-f38ea5cebb27	Mitella stauropetala	00003a4b-16d8-58f1-9f1a-f38ea5cebb27	Mitella stauropetala	false
00003b2b-3c17-511d-a0fa-334a371c7613	Hydraena sautakei Jäch & Díaz, 1999	0fb55ed5-db58-5e1b-9c5d-6de7def50d90	Hydraena sautakei	false
00003c0d-126b-551c-9bfe-a00575b66437	Parmotrema kainantum Kurok. & K.H. Moon	34f17948-2006-5747-9f38-6692dc5db9ed	Parmotrema kainantum	false
00003c86-b045-50e4-abb5-9ac5af982a14	Milax budapestiensis	00003c86-b045-50e4-abb5-9ac5af982a14	Milax budapestiensis	false
00003cf0-9721-567b-8932-aaa962bf5193	Planchonia spectabilis Merrill	10c1c495-9d42-5472-bd0a-f4ffda62c79d	Planchonia spectabilis	false
00003f2f-c6a6-510c-b1cb-f755b3fb1fc7	Triphaena lucilla Butler 1878	91532522-d15e-5374-8d2d-f19f66363422	Triphaena lucilla	false
00003f33-8eca-5b50-9afc-eead221c2c9f	Rana zweifeli Hillis, Frost & Webb 1984	ffe1edf5-ac67-593e-8cb5-b504b46c0458	Rana zweifeli	false
00003f51-3b44-5796-bb86-a3339bc13682	Macrocalymma insignis (de Saussure)	440568d7-d83d-5892-8f0f-5e3fc97dbb6e	Macrocalymma insignis	false
00003fc0-7699-56b2-b725-cf2f433e0391	Sertularella tricuspidala	00003fc0-7699-56b2-b725-cf2f433e0391	Sertularella tricuspidala	false
000040ef-9c70-5bf4-988f-71c5dcde88cb	Epilachna gelensis Fursch 1987	a894d0d6-a0fe-52d2-acf2-a1212d2be259	Epilachna gelensis	false
0000422f-5a86-5b39-b371-59bab7f65210	Impatiens trichocladon Hook. fil.	eb271369-fc69-513b-8ea4-bd47dc434001	Impatiens trichocladon	false
000042ae-1121-5b5c-8810-22ed37967941	Furgasonia sorex Penard 1922	9682831a-6459-5430-b7de-840bad49b35d	Furgasonia sorex	false
00004367-40ed-5364-a7cb-e4fea63e4690	Hipporrhinus bertinae Marshall, G.A.K. , 1907	4cb12a3f-4a0a-55f8-b945-cfc48b8677a6	Hipporrhinus bertinae	false
000044a4-d8f6-5b0e-a46e-35acfd981aaa	Liaoningornis longidiris Hou	46952c6a-046c-51cf-bfcf-c7c819163e2a	Liaoningornis longidiris	false
000044d6-07ae-5596-a0be-e455b2787707	Macrauchenopsis Paula Couto 1945	c2ec79e7-5342-5624-8394-e352f04dee12	Macrauchenopsis	false
0000453b-13ed-51e3-afcd-f4caafb36292	Lindbergichthys	0000453b-13ed-51e3-afcd-f4caafb36292	Lindbergichthys	false
0000457f-7cdc-5902-a39b-6d7e28144b44	Aurota	0000457f-7cdc-5902-a39b-6d7e28144b44	Aurota	false
0000465b-4a2c-5c8d-9570-cf798301b491	Hornera aotearoa	0000465b-4a2c-5c8d-9570-cf798301b491	Hornera aotearoa	false
00004687-4ebd-528e-ab92-3d112d0cbbc5	Mammillaria heyderi var. meiacantha (Engelm.) L.D.Benson	f8589585-1c5a-582b-8470-8e1af58eb655	Mammillaria heyderi meiacantha	false
00004747-ab04-5ddb-9ed3-a65daa6252c6	Cirsium maackii fo. koreiense (Nakai) Nakai	dd8091d9-a81c-59a0-a7d3-5aa6b46dad72	Cirsium maackii koreiense	false
00004859-aa52-5c43-803d-5631f61637db	Alcyonium rubistella	00004859-aa52-5c43-803d-5631f61637db	Alcyonium rubistella	false
00004876-5d4b-54ca-af04-381816d17a84	Leproscirtus granulosus subsp. granulosus	a0401a9d-f353-5038-b196-d8528845f036	Leproscirtus granulosus granulosus	false
000048e5-abe9-599c-83e9-de283654ad2f	Prasinocyma iseres Turner 1922	b3c42e41-10b1-5e17-8157-2b4d77a2e9b6	Prasinocyma iseres	false
00004971-f9aa-50d7-8516-4e039c5a2e11	Neoallocotocera longicauda (Tonnoir & Edwards, 1927)	dd7a13ce-a346-559a-8006-207fad564080	Neoallocotocera longicauda	false
00004ed3-7f75-5a69-8fbf-330982ae3037	Rhinoncus sparsesetosus Gyllenhal , 1837	300ea922-4506-534d-bc00-2b2c0a29a339	Rhinoncus sparsesetosus	false
00004f96-87a8-5c17-8063-51e622371873	Ficus bambusifolia	00004f96-87a8-5c17-8063-51e622371873	Ficus bambusifolia	false
00005047-98a7-569f-8dd1-51d95a73455d	Iridana ansorgei Grose-Smith, 1898	9f1a4d84-2ae3-5519-9bc7-afbe291ca032	Iridana ansorgei	false
00005237-6a5f-560f-afd1-1c9ba87e12d9	Puccinia subglobosa Dietel & Holw., 1901	8655eec8-a632-5710-a995-46298acdf2c1	Puccinia subglobosa	false
0000529d-2608-5730-9466-cf978b53417c	Neoapocreadium gerridis	0000529d-2608-5730-9466-cf978b53417c	Neoapocreadium gerridis	false
000052d6-0cb9-51c5-8453-2f845656956f	Rhododendron polyraphidoideum var. montanum P.C.Tam	7b30b92f-12da-54e2-8216-217469526cfe	Rhododendron polyraphidoideum montanum	false
00005667-cb1c-590a-acd4-0a7c3e1755a6	Gondolella behnkeni	00005667-cb1c-590a-acd4-0a7c3e1755a6	Gondolella behnkeni	false
00005775-d960-59ed-9a14-517ccd4015e2	Ocnaea grossa Osten Sacken 1887	bf5a20c1-b867-51d4-a429-5685d9c1695c	Ocnaea grossa	false
00005946-85bd-5355-a260-490fc1b331db	Coeliodes trifasciatus Bach, 1854	3d34aef8-d3a8-5e54-bccd-450a0d1fdb40	Coeliodes trifasciatus	false
00005951-530b-52b6-b018-1fa238fe7b87	Olethreutes albitibiana Snell.	3bb370b9-a741-56aa-81a9-939921fc4b0c	Olethreutes albitibiana	false
00005952-2196-54ef-b61a-79e7c5768afa	Anthrax (Hemipenthes) ruficollis Bigot, 1892	15b871eb-1849-54d6-b588-df39ce5fbbbd	Anthrax ruficollis	false
000059ad-6510-555b-bba8-673bd86789e4	Rhytinota gracillima ssp. marginata Gebien,1910	4d0c2c48-5801-53eb-ad29-f273bc5fd1e7	Rhytinota gracillima marginata	false
00005ac0-06d1-5e90-9b50-174c354297f1	Bisaltes (Bisaltes) subreticulatus Monné & Giesbert, 1994	19f30907-77be-5c27-86c4-22049259a1ef	Bisaltes subreticulatus	false
00005b0c-7f50-5c9f-9f88-9f71a82cdf70	Bombyx mioleuca	00005b0c-7f50-5c9f-9f88-9f71a82cdf70	Bombyx mioleuca	false
00005b49-2d86-5937-81b6-c5b8e5715e44	Coriolopsis strumosa var. strumosa (Fr.) Ryvarden	f8e96102-7829-5dc3-9f4d-e82627c7df0b	Coriolopsis strumosa strumosa	false
00005bb8-90b5-51f7-92fd-18590a0149a5	Malthodes minoicus Wittmer 1971	3937d6b4-03bd-5d95-8bcf-490cbdd943d1	Malthodes minoicus	false
00005c3e-70ce-57a5-9c44-f0fa27b1a509	Odontopera arida (Butler)	74a46718-57c8-59d6-b025-315e8d4207a8	Odontopera arida	false
00005cee-6a5b-5921-b853-68bdd0896656	Flavobacteria bacterium SC2	c3be65c7-57d2-53ea-8d81-4882512f82bd	Flavobacteria bacterium	false
00005e37-0614-5cc4-8fd7-72587914e0e5	Malacoptila substriata	00005e37-0614-5cc4-8fd7-72587914e0e5	Malacoptila substriata	false
00005e37-86eb-57f7-aff6-51cac18dd920	Polymera (Polymera) aitkeni Alexander, 1978	d64ecd57-6547-51d7-9b7a-606e7801fe89	Polymera aitkeni	false
00005e95-ea77-57c0-8e8c-76d03f829034	Asteropyge gdoumontensis Asselberghs	b5b69bd7-e5e8-53ce-bb37-c45a1f91c51b	Asteropyge gdoumontensis	false
00005f42-591a-5f01-a04d-dbbdf27e069c	Lomanoxoides nigrolineatus Hinton, 1938	8f50b848-a63b-5fcd-bc62-f4321535e093	Lomanoxoides nigrolineatus	false
00005fce-09a5-57ea-a997-28f969c54edd	Assuania tuberifer Becker, 1912	309c2246-b2f3-567a-a084-38674d30dcf4	Assuania tuberifer	false
000060fc-ba96-5623-8e26-4c7ab02a808f	Gigartina sp. 2	49257527-5453-5826-96bc-c9571732e169	Gigartina	true
00006103-d95d-540f-a335-4b393a4440ff	Peixotoa psilophylla C. E. Anderson, 1982	3d91af3b-58da-5f32-8f0b-4c48692085ca	Peixotoa psilophylla	false
00006134-6cb5-50dd-8e55-6f633433d3e4	Alphitomorpha urticae Wallr. 1819	e106c59a-f7d6-56c6-a56e-ecaa2df007bb	Alphitomorpha urticae	false
000061e6-7073-547c-9800-3fcce55c5f3b	Haroldiellus lansbergei (Harold 1874)	3ef3f21f-11f9-58d2-ab23-22b0d476dbf2	Haroldiellus lansbergei	false
0000620a-b66c-5b7f-ac4d-22858ee1cf5a	Bucklandiopsis G. Roselt, 1960	47283a49-33a8-5036-8e28-5c7bab1f9918	Bucklandiopsis	false
00006252-317e-5bdd-a0a5-246d43edc8db	Eurytoma tomici	00006252-317e-5bdd-a0a5-246d43edc8db	Eurytoma tomici	false
00006315-7d3e-5912-bede-2bf8fb073dfe	Lepiota acutesquamosa var. furcata	4cc1b4ca-6648-5bc6-a07d-83ba41dd157a	Lepiota acutesquamosa furcata	false
00006320-cce7-5088-a2ee-06fd0350371b	Octopus lunulatus Q. & G.	6cdab351-7e52-5fa7-ae3c-9a4df78b1057	Octopus lunulatus	false
00006391-652c-5409-a713-27a0ee235353	Geonoma pohliana subsp. wittigiana (Glaz. ex Drude) A.J.Hend.	a4aa8870-f1ae-54a9-a138-5fbe381fdc33	Geonoma pohliana wittigiana	false
0000640d-d43f-5f85-a0b2-c082b1c71a71	Rondeletia guettardioides (Standl. ex Steyerm.) ined.	7d62cc72-8bd4-515e-bf43-9274eae7f71e	Rondeletia guettardioides	false
0000646a-1eaf-5221-8bbb-cafa79b2baf6	Anomalocera subopaca vuilleti (Bourgoin 1913)	2e4e78e7-fb8a-51db-8982-a945ef58e517	Anomalocera subopaca vuilleti	false
000064d7-3840-5166-b316-2122adbc6255	Ancylocera Mik 1866	9a7c172e-4e91-5686-8463-aedb8fd53c9d	Ancylocera	false
0000654f-215c-5670-93d7-ca2540a1181d	Plectranthus porpeodon Baker in Dyer	54c99a34-7f34-532d-b30c-3ab3a12d078d	Plectranthus porpeodon	false
00006560-1e1e-555d-a62d-b60a98fdd8b5	Neckera sect. Cryptopodia Röhl.	9b525204-22c2-5df3-be02-174329727164	Cryptopodia	false
000065a1-3660-5c8e-aa6c-6f34ed2337be	Wyomomys bridgeri	000065a1-3660-5c8e-aa6c-6f34ed2337be	Wyomomys bridgeri	false
000065ea-d9cc-5dbd-b54f-42910b32131d	Triakis Müller & Henle 1838 sec. Gray 1851	8c348354-5f17-5ea8-b517-421bd127cf14	Triakis	false
0000665d-cafd-5dd9-b444-2e379baaa389	Scaevola amboinensis	0000665d-cafd-5dd9-b444-2e379baaa389	Scaevola amboinensis	false
00006703-d77b-53eb-962b-fedb951bb932	Sarcophaga schoemani Zumpt, 1951	d94fb2f0-33d6-534a-9c65-09b126f04f53	Sarcophaga schoemani	false
00006764-6e89-5357-8538-37e8a7f46b8b	Sorbaronia fallax C.K.Schneid.	14814f88-82e1-538f-a4ec-0687381cb33a	Sorbaronia fallax	false
00006796-fb4e-5f08-af48-a4efba7e82ca	Inocybe sp. TR138-05	374284bd-a541-5897-a38d-db8a50cefcac	Inocybe	true
0000696b-52c3-52ee-9c96-d7bc0906e547	Polycope riegrafi	0000696b-52c3-52ee-9c96-d7bc0906e547	Polycope riegrafi	false
00006b10-df4a-5e96-87f7-67f21305b78a	Medetera sphaeropyga	00006b10-df4a-5e96-87f7-67f21305b78a	Medetera sphaeropyga	false
00006bb8-7a45-5f63-a2f4-26483935f8dc	Astragalus missouriensis cuspidocarpus	00006bb8-7a45-5f63-a2f4-26483935f8dc	Astragalus missouriensis cuspidocarpus	false
00006bc9-1ad4-5e08-a836-9f04f85b9d0a	Peltoides pustulosus Fairmaire LMH 1894	c9777397-c315-5ebc-93f5-5362e175f060	Peltoides pustulosus	false
00006bd2-8da5-579c-a030-430575db245a	Hypomeces orientalis Desbr. d. Loges, 1892	69799000-c9eb-527b-bc42-1408e94f2868	Hypomeces orientalis	false
00006bf0-65ab-5273-be15-81f0a98523f4	Onthophagus andersoni HOWDEN & GILL, 1987	aed83c82-9f31-534a-bf2c-a8ff978a0f0c	Onthophagus andersoni	false
00006c66-0bdf-5148-98cb-8e780221594b	Mastacembelus stappersii	00006c66-0bdf-5148-98cb-8e780221594b	Mastacembelus stappersii	false
00006d0a-2fba-57d7-b446-cb1bd394d403	Amphoroceras Ulrich & Foerste, 1935	73f5433b-68b3-5250-b5b0-f3272b9836fc	Amphoroceras	false
00006da7-ca00-590b-9e93-d69045f5719f	Etroxys (Habrocytus) bedeguaris Thomson, 1878	93fd825f-6669-5222-9129-6ffc33bf3e23	Etroxys bedeguaris	false
00006dff-9d1a-585b-bcb7-79a404f4a247	Cleisostoma bilamellatum	00006dff-9d1a-585b-bcb7-79a404f4a247	Cleisostoma bilamellatum	false
00006ea8-0366-5ad4-9d8d-60ffbdbce8b6	Polynemus Linnaeus 1758 sec. Bennett 1831	171d9dda-e785-55b3-abd9-07d26e5ddab6	Polynemus	false
00007121-823e-5ead-a11f-2318f8c61273	Crepidiastrum denticulatum (Houtt.) Pak & Kawano f. pallescens (Momiy. & Tuyama) Yonek.	6cdaca3f-3ed2-5884-a7ca-db8b05ed5587	Crepidiastrum denticulatum pallescens	false
000071bb-8cfa-5e54-8469-e121091f8061	Pyrausta vicarialis Snellen 1875	1b27aa79-5e11-5e54-b203-f25623d750aa	Pyrausta vicarialis	false
000074dd-c692-50da-9603-f6a5f395b815	Pupascleromyia murajevi Fedotova 2001	0ae4a834-e3ce-5e8a-bcd3-3cecde47390e	Pupascleromyia murajevi	false
00007548-f624-5c8b-9fa2-6d0dd708f041	Arsenura biundulata Schaus 1906	07a1f911-18b5-5da8-adb0-dcbd9836e8d6	Arsenura biundulata	false
00007559-fde2-59b0-a0c8-f70cb57146fe	Micantapex	00007559-fde2-59b0-a0c8-f70cb57146fe	Micantapex	false
000075c0-f13c-52f6-a0e6-8e30f8452ea9	Trichrous bicolor Lacordaire 1869	ec72029d-29a8-5222-a414-04bc55174b5f	Trichrous bicolor	false
000075ee-84ff-5a99-b2ed-c43d63065c79	Passaliolla Balthasar 1940	82c4d2da-1901-59c2-b223-4b40ea89486a	Passaliolla	false
00007682-3fe3-5284-b4b6-8fced31dbc60	Ascophanus nitidus Speg. 1878	c264c9ae-817f-5373-98d4-88424b4578f3	Ascophanus nitidus	false
000077ac-14b0-5ad0-aff8-bd7d09fb336c	Aporum rhombopetalum	000077ac-14b0-5ad0-aff8-bd7d09fb336c	Aporum rhombopetalum	false
000078e1-4ca8-5cd4-b4c4-f3a682b9d0a9	Tomicobia acrotatus	000078e1-4ca8-5cd4-b4c4-f3a682b9d0a9	Tomicobia acrotatus	false
0000790f-ebd5-5dc8-99d1-376df9ec4f30	Neocompsa glaphyra Monné & Hovore, 2006	89a50ff8-7e49-5eab-bd30-830aa4f70d6e	Neocompsa glaphyra	false
00007919-1bf1-54b9-bbe8-a0e7eeba71fc	uncultured archaeon ACA1-9cm	a9456e61-bd30-53bc-8588-accb913cc64a
000079b9-b042-57c7-8bbe-05cbd6eee0f0	Siphovasum Rehder & Abbott 1951	40cb085b-3f0f-5fe0-ba02-517342b44eb2	Siphovasum	false
00007c18-2bd3-5ba0-b9ee-0b67eda2f43d	Enterobius (Colobenterobius) zakiri Siddiqi & Mirza 1954	2af5ddf3-b970-5884-acbb-c2f3962962f1	Enterobius zakiri	false
00007d1a-0e6a-5ce8-af19-6aea261b4bb8	Cladophora columbiana	00007d1a-0e6a-5ce8-af19-6aea261b4bb8	Cladophora columbiana	false
00007df9-e206-5bb8-8be8-ad5e1873f6aa	Rhopalum banosense	00007df9-e206-5bb8-8be8-ad5e1873f6aa	Rhopalum banosense	false
00007ebe-401e-5937-9832-d7b9ab970228	Palaeozygopleura chlupaci Frýda 1993	b3da1d39-d035-50fa-b1b1-26e27c042c08	Palaeozygopleura chlupaci	false
00008028-1dbc-53f7-9801-353b974b262a	Neofurius terezae Carvalho and Schaffner, 1985	f1a20365-7219-5b10-a2ef-9948a32909b5	Neofurius terezae	false
00008072-f9bd-5436-99ec-f7004d39af9a	Thyridosmylus minoroides C.-k. Yang, 1987	e7d0d202-5e81-5e8b-8ae9-13a5d3d28e10	Thyridosmylus minoroides	false
0000809c-a225-5aa9-a016-257f2be63e36	Dioclesianothrips sonorensis (Stannard 1956)	0f22f056-b947-5e43-adeb-d66e89cb3c77	Dioclesianothrips sonorensis	false
00008158-8366-5d02-a018-da912740b0fe	Pododesmus rudis (Broderip, 1834)	ee4558c2-dcf9-5831-a53f-4c3ac03d364f	Pododesmus rudis	false
000081f2-4619-5e3c-af73-949bdd26c570	Aloconota gonggensis Pace 1998	88344ec1-c240-57ee-b363-13a4eff3bb44	Aloconota gonggensis	false
00008276-c98f-56e1-a0ff-c3eff2b37c1d	Mesoforficula sinkianensis Ping, 1935	2693cafc-55ea-5a8d-8182-ced14929077f	Mesoforficula sinkianensis	false
000082ca-49b8-58cc-aa67-6e719f757769	Meringis nidi Williams et Hoff 1951	def799f9-c85d-55be-b474-b84e6c7c42cc	Meringis nidi	false
0000830c-0065-5797-95d1-9898345dc56e	Acantoodoris Friele & Hansen 1875	50ef5ca2-8433-5726-86fa-779873748552	Acantoodoris	false
00008316-9466-57c4-9376-a0cb04fbdb26	Arius hamiltonis Bleeker 1846	b0bb0286-96c0-51e7-a4b8-5ff21ffbbc71	Arius hamiltonis	false
00008684-ca3a-52ff-bdef-fddab2f150d8	Ortalis gyrans Loew, 1864	31a95b7f-45b2-5e28-a8cc-f12c5bbc9e90	Ortalis gyrans	false
000086f8-9c85-50fb-82c9-fe007ad379b8	Adansonia fony rubrostipa	000086f8-9c85-50fb-82c9-fe007ad379b8	Adansonia fony rubrostipa	false
0000873b-6091-5416-9592-8376eb3effd8	Cyclopeltis semicordata	0000873b-6091-5416-9592-8376eb3effd8	Cyclopeltis semicordata	false
0000873b-b4da-587f-9bc9-c9f3bf2fcb1c	Dichrogaster crassicornis	0000873b-b4da-587f-9bc9-c9f3bf2fcb1c	Dichrogaster crassicornis	false
0000875d-a95b-5f53-8483-145e1e6185c4	Chaetomium thermophilum var. dissitum	d5403cd1-342e-5e33-9ad5-b7dd71ecc271	Chaetomium thermophilum dissitum	false
00008832-4321-5da6-a785-c97bab9cbf2d	Grammoptera rhodopus Linsley & Chemsak 1976	c8859a9b-9f3b-53ac-8169-5f8af7e5e352	Grammoptera rhodopus	false
0000883f-4d2a-5998-8199-6ed6d6550e6e	Megachile (Megachiloides) subanograe Mitchell 1934	213de400-49c8-550b-b71f-dcdf632de641	Megachile subanograe	false
000089e6-12f5-5ebf-a699-818e3d5fd7a6	Ornithoptera (Schoenbergia) tithonus cytherea (Kobayashi & Koiwaya)	e5731270-6e91-58cd-b88e-03c43ef68711	Ornithoptera tithonus cytherea	false
00008a57-57cd-5523-826b-261f0e658107	Prosoeca major Bezzi, 1924	8570f0c7-261d-5b75-b67c-9d5c0df366c7	Prosoeca major	false
00008a6c-3c53-58b3-9ced-ae30249aac8e	Solanum neorosii	00008a6c-3c53-58b3-9ced-ae30249aac8e	Solanum neorosii	false
00008b33-1c84-5d6a-a9bd-3638fc1b5252	Lophoura ventricula Ho & I.H. Kim, 1989	ff0bcb1c-d01a-5ad4-a309-0542522a0c68	Lophoura ventricula	false
00008b86-031a-5f76-b4b1-eebad3f9d624	Fusarium sp. MB2024	9bbafffd-9174-519b-9311-b17df97e652a	Fusarium	true
00008b97-86e0-5e75-ab9d-4d273edb95f8	Aprolepis barbarae	00008b97-86e0-5e75-ab9d-4d273edb95f8	Aprolepis barbarae	false
00008c5d-aad7-547f-ac5d-1298459fd4ad	Filaria coelum	00008c5d-aad7-547f-ac5d-1298459fd4ad	Filaria coelum	false
00008f88-2cc3-5629-850b-991503312ec3	Salacia interrupta Allman 1885	6558671d-9d5a-5b9e-8744-40a1c619c55e	Salacia interrupta	false
00009079-409c-5c32-9508-e7dace6264c3	Sturmia latistylata Baranov, 1932	b996b0ae-5322-532f-8e45-927d6cd3900e	Sturmia latistylata	false
0000914c-9579-5f52-8d6e-844214b11271	Asarcogryllacris javaensis	0000914c-9579-5f52-8d6e-844214b11271	Asarcogryllacris javaensis	false
0000923d-d059-5bd9-9b40-f8efb4762355	Theobroma glaucum H. Karst.	63a1319c-e07a-516f-8b73-73c1f0b6c943	Theobroma glaucum	false
0000924c-0fa1-5bbb-81b4-12aa51c3193c	Ischnonyctes pennalus Bergroth 1915	e2842b1e-0063-5a54-847f-11473315fd42	Ischnonyctes pennalus	false
00009304-7de1-5929-adcc-229e88c4503d	Potentilla pensylvanica var. conferta (Bunge) A.Gray	6a616d3b-22e8-5f6f-8230-1e6de65c4ae3	Potentilla pensylvanica conferta	false
00009316-8379-5719-9159-267ba0a93d55	Homoeosolen ramulosus	00009316-8379-5719-9159-267ba0a93d55	Homoeosolen ramulosus	false
00009467-a278-5725-ba3d-5b2daf7ad75b	Hyposmocoma (Hyposmocoma) petroscia	828add40-7cf8-569e-accf-d21f0cd1f5d5	Hyposmocoma petroscia	false
00009568-d860-57da-a8e3-ea7e1618c0fa	Crataegus choriophylla Sargent	925aa9b7-0f93-56b8-a451-b70a91bdd786	Crataegus choriophylla	false
0000959b-4af7-543d-985a-dd7556652943	Pleuroxus hastirostris Sars 1903	a1044575-6986-51e5-945f-fbe39311c5d5	Pleuroxus hastirostris	false
000095c1-3bb7-5a7c-8d7c-a3e4447b9122	Paraspeleognathopsis bakeri	000095c1-3bb7-5a7c-8d7c-a3e4447b9122	Paraspeleognathopsis bakeri	false
00009656-9e13-59a4-b33d-db8a313ead82	Phyllosticta heucherae Brunaud	0b8b86d3-6e20-56b2-9bd9-445981345b18	Phyllosticta heucherae	false
00009797-1757-5119-b652-2b5ff3be422c	Heterusia conduplicaria Hubn.	abb78c2b-1d23-5f67-9967-c025c921a85e	Heterusia conduplicaria	false
000097f3-8544-5b37-980b-f803e88eab45	Sphacelotheca congensis	000097f3-8544-5b37-980b-f803e88eab45	Sphacelotheca congensis	false
000098e8-5b93-5e01-8d2b-4a3aa7658673	Naemosphaera P. Karst. 1888	69fb16c8-ab38-5f4d-975e-daea698e30d7	Naemosphaera	false
00009900-d7ef-5d69-ace0-4d7d35e52049	Rosa canina var. andegavensis	a3a2b2d3-a49b-579d-9f9d-21ea346dfe25	Rosa canina andegavensis	false
00009965-7ca8-5d99-a7b7-17885f47903b	Friesea neocaledonica Palacios-Vargas, JG in Tillier, S, 1988	d01ca842-d8dc-5a06-9afe-ce5a0a0e2500	Friesea neocaledonica	false
000099bc-77ea-5ab6-b5a2-eb70a4dfca52	Strongylium wollastoni	000099bc-77ea-5ab6-b5a2-eb70a4dfca52	Strongylium wollastoni	false
000099ec-6220-5e5f-8de7-88100cc84516	Reichardia gaditana subsp. lusitanica (Cout.) P. Silva & Bacelar	1f29517d-d3d9-5e16-a8a7-40c35289d5e1	Reichardia gaditana lusitanica	false
00009a22-1341-5af7-8578-1d45465ffa38	Lepidoptera sp. BOLD:AAJ7084	ac618aa8-c578-5c79-a3ee-e0fbf794cbb0	Lepidoptera	true
00009a38-890e-5acd-991a-e8909d25896f	Gonatopus scutellaris	00009a38-890e-5acd-991a-e8909d25896f	Gonatopus scutellaris	false
00009a4d-7ecf-5605-a06c-731d575917be	Protaetia cuprea obscura var. ceciliae Alexis, 1991	b738d008-9984-584b-83b5-cf8f91f84c16	Protaetia cuprea obscura ceciliae	false
00009bbd-ac13-5990-9e33-6b9fe91f810c	Scythris flavifrontella Clemens, 1860	c3c44515-9746-5284-b471-7a9ae8d92273	Scythris flavifrontella	false
00009c28-78d0-57e4-89aa-6bf7f795c3d9	Belenois ratidengi	00009c28-78d0-57e4-89aa-6bf7f795c3d9	Belenois ratidengi	false
00009cd2-30bc-55f9-8969-56e6ba70eb40	Bradypodidium venezuelense	00009cd2-30bc-55f9-8969-56e6ba70eb40	Bradypodidium venezuelense	false
00009f7d-0ba7-5d92-8c6a-177f065b96ba	Kalidium cuspidatum var. sinicum	8a3a279b-38da-5175-bc70-3d729e889d5c	Kalidium cuspidatum sinicum	false
0000a0b7-68bd-5e27-9c92-31487d87d9aa	Streptococcus mutans TCI-96	96a29b2d-13f6-5ee9-96c9-e8fccabd9eb8	Streptococcus mutans	false
0000a142-0f6c-5ca3-813b-50fa31ebb602	Pterygotrigla polyommata (Richardson, 1839) Latchet	aab1f3a5-4c73-574d-9647-b7bbb4f31747	Pterygotrigla polyommata	false
0000a157-8a1a-52f4-a2b4-7bb13f5f5c19	Teucrium ×riosii De la Torre & F.Alcaraz	be8e9d4d-e14f-590a-a6b6-f23b18f70b1a	Teucrium × riosii	false
0000a222-a131-5778-adde-1bfbdbe8d9ea	Tachyphyle Butler, 1881	ac7dfdb0-3c67-54b3-9a38-124e5de1d0ec	Tachyphyle	false
0000a279-49b4-519d-b943-6926b2df290e	Anthocharis cardamines cardamines (Linnaeus 1758)	44ee516e-bbbe-54bd-9658-bafeda6811c9	Anthocharis cardamines cardamines	false
0000a2c1-5cba-5964-a8f8-c7242a231131	Pteromys volans aluco Thomas 1907	ac028b64-a3f2-5bda-9334-5fcb2eb75f3f	Pteromys volans aluco	false
0000a2d7-fe07-5ba1-a6c2-b048a7c788e8	Exoneura nigrihirta Rayment	fdaf42b4-12a3-5f10-aa81-72ad96a413e6	Exoneura nigrihirta	false
0000a300-d63b-5efc-aaf4-8f2be964e099	Chamaerhodiola stracheyi (Hook. f. & Thomson) Nakai	b5a5f2b8-5918-549f-8869-c9e0546278aa	Chamaerhodiola stracheyi	false
0000a366-dcd0-5d78-94bf-f70043cabd7b	Dorcadion semiargentatum burdzushense Danilevsky & Murzin, 2009	f0919df2-1577-5ec0-a7f9-975ceba0a065	Dorcadion semiargentatum burdzushense	false
0000a4bf-8dd3-5f2e-808c-3fcb5a6b98fc	Etiella consociella Walker, 1866	1fb75a98-aaa4-5aed-81eb-41519799cdec	Etiella consociella	false
0000a4f4-faed-5d34-8cda-5c212684d1f5	Eria muscicola Lindl. var. ponmudiana M.Mohanan & A.N.Henry	4dc8cd64-6bc5-5d60-9c61-50e2fc327f86	Eria muscicola ponmudiana	false
0000a570-f2d2-5433-a181-d8ed13879d15	Megophyra subpenicillata	0000a570-f2d2-5433-a181-d8ed13879d15	Megophyra subpenicillata	false
0000a82b-10d8-5478-ba8c-71ec51681c3c	Leptoperla bubalus Theischinger 1980	1cb2d665-fce3-569e-96e9-6a5322531a06	Leptoperla bubalus	false
0000a846-00a5-5fd7-b5fd-71e33e06ea2a	Eucalyptus maculata citriodora (Hook.) Bailey	21418d27-5841-54ce-897a-6e727d06cdc4	Eucalyptus maculata citriodora	false
0000a9d0-a765-5ce7-84d9-d16c604a93dd	Macrostomum greenwoodi Faubel & Cameron 2001	973c35e4-bef0-5744-8fb3-09153aae88f8	Macrostomum greenwoodi	false
0000aa49-1af8-5a68-b661-22b61552ef62	Euryhelmis pacificus	0000aa49-1af8-5a68-b661-22b61552ef62	Euryhelmis pacificus	false
0000aaa5-7faf-5142-bc2e-b70e0dce882b	Austrolimnophila (Austrolimnophila) bulbulifera Alexander, 1948	d5962ac2-204e-5517-a74c-531596172a36	Austrolimnophila bulbulifera	false
0000ab4c-08e8-5d0d-a8a6-8a1b21e1042a	Hammaptera parinotata (Zeller 1872)	8341c3c4-ff82-5c39-9955-78e749751b2f	Hammaptera parinotata	false
0000ad33-d8d9-51a9-a360-fc1116a6da00	Polynemus kuru Bleeker, 1853	559a1f2c-6ae1-5d49-97ea-e6009bf7b94e	Polynemus kuru	false
0000ad61-1825-5b16-9e94-f52b873cd44c	Parmelia scortea var. papillosa	74070c31-d25a-5548-b8be-89e712203c99	Parmelia scortea papillosa	false
0000ada3-9624-5878-9ff3-6e2d816bfe31	Lophoblatta speerae Rocha e Silva & Gurney, 1963	080f7406-62cd-5a6f-a62a-b99f97169e42	Lophoblatta speerae	false
0000ae11-e068-5fb6-9a1a-84e392d6d38d	Leptoconops (Leptoconops) chilensis	063d7d8a-7eb8-5235-9fd1-c0516d45582a	Leptoconops chilensis	false
0000ae86-9856-5df0-8b3f-d1ac1a08f12d	Bruchia flexuosa (Schwägr.) Müll. Hal.	092dfdcb-3f6e-5f41-a975-7f2de9842e6d	Bruchia flexuosa	false
0000afca-a9e5-5652-be4c-7949bc69be21	Watznaueria angustoralis Reinhardt	1b51c61e-75a8-5496-9010-e566def7c8b3	Watznaueria angustoralis	false
0000aff2-af6d-5d8e-9a54-0331ce2533be	Appendicia	0000aff2-af6d-5d8e-9a54-0331ce2533be	Appendicia	false
0000b010-82a4-5f8c-a252-f8fdf2c109e4	Episacus pilosicollis Lameere 1912	60e055d5-b68b-5aaf-b037-609787fdc5fa	Episacus pilosicollis	false
0000b03b-ae80-5075-a02b-3350976051dd	Licea circumscissa var. circumscissa Pers.	400ed465-335f-5e3f-b357-727a31ebd98b	Licea circumscissa circumscissa	false
0000b0fc-c51e-5a0e-beb0-da46d5a8ee6f	Cochlodina (Cochlodina) laminata (Montagu, 1803)	8e1216a8-60e5-54d3-8fc9-f6007877f9bf	Cochlodina laminata	false
0000b15a-9fa0-51a6-91bc-b67b7520db2b	Io modesta	0000b15a-9fa0-51a6-91bc-b67b7520db2b	Io modesta	false
0000b1a9-eb67-5d45-9f39-30e2c3348dbf	Lissotes curvicornis (Boisduval, 1835)	933fe59b-3e9b-582c-9666-5592cd59f21f	Lissotes curvicornis	false
0000b248-5a4d-56d6-8f91-5be7924b9ee9	Hastula strigilata (Linné, 1758)	d7a3efe9-a75a-568c-85f9-a6b2c7d8d430	Hastula strigilata	false
0000b280-ffdf-5e04-a0a3-1e1b4eae3e73	Anteon Jurine 1807	f8ea7cb1-f643-52f5-a668-7c08421cd65f	Anteon	false
0000b311-fa0f-5127-9360-d4630bd7e890	Ranunculus friesianus Jord. subsp. strigulosos (Schur) Elenevsky & T.G.Derviz-Sokolova	c3390d76-2d84-5eec-b0bc-5f88f9a33fbf	Ranunculus friesianus strigulosos	false
0000b3fd-3e3d-5976-8c2b-c297ba1f684e	Pantanalodesmus marinezae	0000b3fd-3e3d-5976-8c2b-c297ba1f684e	Pantanalodesmus marinezae	false
0000b4cb-7e54-5776-8d71-4cd00723caa9	Dorstenia carnosula	0000b4cb-7e54-5776-8d71-4cd00723caa9	Dorstenia carnosula	false
0000b5eb-402e-5ee8-b78e-78c011d4c42f	Mammillaria jaliscana (Britton & Rose) Boedeker ssp. zacatecasensis (Shurly) Hunt	9a5ed484-b4e2-592f-97fc-d45a2007baaa	Mammillaria jaliscana zacatecasensis	false
0000b6d7-62eb-54a4-b843-9ce7a89e84d9	Hoplopleura contigua Johnson 1972	dbecda4c-20f8-5589-af7e-ccd66e18f56d	Hoplopleura contigua	false
0000b6df-83cb-5204-80b2-c489a76b1e21	Opalimosina mirabilis (Collin,1902) (s.str.)	bfbaab9f-ef27-5ba5-b3c4-ea8ce4af59ba	Opalimosina mirabilis	false
0000b785-7374-5868-8443-c5829a8c349a	Tinea cembrella Linnaeus 1761	f394ad90-f4f6-5cf4-b974-155f7d1e79ab	Tinea cembrella	false
0000b78a-a5ec-593b-9e3c-09af691e64c2	Nasutitermes fulleri	0000b78a-a5ec-593b-9e3c-09af691e64c2	Nasutitermes fulleri	false
0000b81e-6045-5079-a889-e598bb32bcea	Hymenancora conjungens Lundbeck 1910	aedba7fe-e3e7-5f4a-9d16-0b251d8351c1	Hymenancora conjungens	false
0000b820-af7b-5b22-8253-c0beaa690595	Macrobrachium hancocki Holthuis 1950	3fd94534-c2fc-57b5-8286-10d6aa84fbba	Macrobrachium hancocki	false
0000b921-4087-57e0-815d-342c5651501c	Coxicerberus redangensis (Baldari & Argano 1984)	d476a46e-0848-51bc-86b4-0ee396b73387	Coxicerberus redangensis	false
0000b96a-a328-51c2-a866-26cfdab98025	Amblotropidia edwardi (Bischoff 1920)	c4ce458d-47dd-5100-915d-f3097bb3c6fb	Amblotropidia edwardi	false
0000b9cd-811e-5f31-b411-2b62502aac49	Dysauxes haberhaueri Friese, 1959	06d9cc6b-b8f2-5162-8352-77526db78293	Dysauxes haberhaueri	false
0000bb3f-c22e-592a-8892-825d62f861c9	Parapoynx stratiotata Linnaeus, 1758	0b89a984-4587-58ed-beed-489100e5fd6f	Parapoynx stratiotata	false
0000bc03-a9c6-5b31-8d31-4e3e6f82dab2	Gloeodinium montanum	0000bc03-a9c6-5b31-8d31-4e3e6f82dab2	Gloeodinium montanum	false
0000bd26-547f-533c-bc9c-4e877055a442	Albotricha fagicola	0000bd26-547f-533c-bc9c-4e877055a442	Albotricha fagicola	false
0000bd46-89ea-52ce-93ba-81cdaec959f9	Stylostrotion Chi 1935	ace0ed16-972b-5540-a30c-209ec6844971	Stylostrotion	false
0000bd54-799a-5899-af75-c5ee4634ee5b	Systoechus plebeius Hesse 1938	65912b84-9391-54f0-ae0a-0a4af2b3051a	Systoechus plebeius	false
0000bd67-c155-5a57-8d3b-cf8ab2f5bed3	Ironeus pulcher Linsley, 1934	47c8c2b0-f454-5235-bc14-7b14fdb3d210	Ironeus pulcher	false
0000bda9-a205-52cc-aa32-277c8028ffae	Carinefferia carinata (Bellardi 1861)	1c8c7696-fe0d-52bd-ac5c-415cfd3ce856	Carinefferia carinata	false
0000beac-3517-5baf-9150-9c47fe576ec6	Pseudomicrella jacobi Börner, 1950	6552eb71-76c7-5839-a9e8-b745c96e8b6b	Pseudomicrella jacobi	false
0000befa-8d16-5682-8b2a-aba8ed5ee19c	Spathulina lamellosa	0000befa-8d16-5682-8b2a-aba8ed5ee19c	Spathulina lamellosa	false
0000bf1e-4cf1-53f2-b34e-c527ccfc2a4a	Boivinella comorensis A.Camus	f9ce74c8-45cb-54d9-b90e-0feb326504f6	Boivinella comorensis	false
0000bf24-025e-50ce-b06a-cb397d5a0877	Hypsoparia bosemanensis	0000bf24-025e-50ce-b06a-cb397d5a0877	Hypsoparia bosemanensis	false
0000bff2-6e59-52e8-97f8-e11aad2233e8	Persephonaster croceus Alcock & W.-M.	19a6e931-419a-5625-a4ea-3dc3bada59bb	Persephonaster croceus	false
0000c12a-8499-566e-85bf-174faf56eb97	Xerodes cinerosa (Warren, 1895)	50f829d0-62d9-5041-ac09-cec7987e1385	Xerodes cinerosa	false
0000c1e3-ed9a-5f5a-9217-ed575c67d9cc	Ancylotrypa pretoriae	0000c1e3-ed9a-5f5a-9217-ed575c67d9cc	Ancylotrypa pretoriae	false
0000c2ff-c7d0-5f17-b9bc-574b77974d81	Natica pellis	0000c2ff-c7d0-5f17-b9bc-574b77974d81	Natica pellis	false
0000c31f-5b4d-585d-ac16-54ed1b06bc71	Alpinia sanderae	0000c31f-5b4d-585d-ac16-54ed1b06bc71	Alpinia sanderae	false
0000c389-a903-505f-be7b-96e76c92d37a	Ilexpollenites F. Thiergart ex R. Potonié, 1960	78052c3a-dd11-522e-a79e-d0cd17387b42	Ilexpollenites	false
0000c3a7-a342-5488-8372-e4f0e15367fb	Cupha dapatana Smith, 1887	6f829d19-c2de-5a54-8ca4-e2b66ff345fd	Cupha dapatana	false
0000c40a-170e-50c7-a92e-64d01760b191	Semele cf proficus	8429832c-b71e-564d-b634-b94fb24da91d	Semele proficus	true
0000c669-6096-50b5-986c-26bbb0627145	Begonia mysteriosa L.Kollmann & A.P.Fontana	088ffb59-50c6-5c5d-8c8e-bafcbfcd7a6e	Begonia mysteriosa	false
0000c6eb-2655-5be8-b4f2-6cdd4bdef812	Alchemilla vulgaris proles eualpestris Asch. & Graebn.	3977d5a1-f8b1-59f2-ae6c-71391484f39c	Alchemilla vulgaris proles eualpestris	false
0000c80f-8783-5670-9d80-6c001fcbd18b	Myadora curvata Reeve, 1844	3f781efb-9b63-5aef-8442-c50595144ccb	Myadora curvata	false
0000c848-b29d-5ae5-8ee6-39c4f5f74b2e	Hyalinia rectispora Boud. 1907	7c453068-0985-5ba7-acdd-72ece03bbe51	Hyalinia rectispora	false
0000caaf-3a96-5718-b527-3a9381e811b4	Hyposmocoma longitudinalis Walsingham 1907 sec. Nishida 2001	e39d65f6-15bd-5b54-98b2-006454cd7391	Hyposmocoma longitudinalis	false
0000cac9-6630-5da8-a0ca-0bcd88094bca	Mesomphalia nigrolineata Champ.	ae300b5f-1a05-5be2-97d8-abbd59873f52	Mesomphalia nigrolineata	false
0000cb95-df88-57c8-b8b8-4f1a700d82e6	Nadotia multiseriata Yu & Kuang 1982	90aae42d-9424-5d41-ab48-5d3b33977167	Nadotia multiseriata	false
0000ce32-a540-5a73-8bf7-f4d035bd0d72	Elaver chisosa Roddy, 1966	a020b63d-c787-5657-9152-60468ba28213	Elaver chisosa	false
0000cebb-4718-5aa3-8fac-6083359d4046	Micrococcus sp. DY-1	2d5305e0-2051-520c-a274-a433d52241c1	Micrococcus	true
0000ceee-191a-5bdd-969f-3b34d3b5e3a4	Bibio japonica Motschulsky 1866	7ebfaaa5-09ba-56f7-9267-9982732c07db	Bibio japonica	false
0000d06e-c061-5885-acdb-913ac44c3be7	Erpetogomphus agkistrodon	0000d06e-c061-5885-acdb-913ac44c3be7	Erpetogomphus agkistrodon	false
0000d1a1-e6ab-525e-945b-ed37f6f98296	Tachina dalecarlica Zetterstedt 1859	eb87595c-83da-569b-90c7-66ec33ca8069	Tachina dalecarlica	false
0000d2ec-f4c9-5b11-9993-1ed1e3d014c8	Onychosepalum Steudel, 1855	9acf0a6f-62e9-5b67-bb35-b680565e774d	Onychosepalum	false
0000d32c-97d6-5c2f-a68e-06c52b7063bf	Carcharhinus limbatus *	e49d81d3-14f6-5950-905d-69540c345b10	Carcharhinus limbatus	false
0000d39c-6c32-548d-bea6-2151ffff4996	Pterodaustro guinazui	0000d39c-6c32-548d-bea6-2151ffff4996	Pterodaustro guinazui	false
0000d3dc-e5d4-52de-8480-c82c5734b9ef	Coraebus lampsanae Bonelli, 1804	16b4d29e-c85a-5e8b-8d3d-a984bce2f75b	Coraebus lampsanae	false
0000d48f-03f5-5670-b3b3-00d9e4994244	Neeto palms	0000d48f-03f5-5670-b3b3-00d9e4994244	Neeto palms	false
0000d4a8-fd8b-57a2-a2f7-83c79075fcb1	Potamonautes ballayi	0000d4a8-fd8b-57a2-a2f7-83c79075fcb1	Potamonautes ballayi	false
0000d5c5-db50-580f-812d-fbbc59945dd6	Haemanthus leucanthus Miq.	8fcf29c4-7f9b-59b2-9ec1-deac844a8c05	Haemanthus leucanthus	false
0000d5e9-d3b4-5acf-815d-a31978f91d36	Galeomma takii	0000d5e9-d3b4-5acf-815d-a31978f91d36	Galeomma takii	false
0000d6f0-083c-5a4b-9550-f27b7269a93f	Neobisium (Blothrus) korabense Curcic, 1982	049b5d76-8292-5cfc-bdd9-3f4efbf19f17	Neobisium korabense	false
0000d79a-e0b9-5a9d-8a08-96b18721f9ea	Lutzomyia marinkellei Young	12ca61c8-9e23-5efa-a57b-6d2130a98b8b	Lutzomyia marinkellei	false
0000d7a0-5c56-5354-bef5-ca7f93778d01	Candalides wilkinsi	0000d7a0-5c56-5354-bef5-ca7f93778d01	Candalides wilkinsi	false
0000d7c6-ae59-55c7-8344-ba07c8f47701	Citrobacter decolorans (Burkey) Werkman and Gillen 1932	6588fcbf-16f2-5dbe-9150-f063b190e241	Citrobacter decolorans	false
0000d883-44fe-55a9-9723-526242868e95	Microsorium henryi (Chirst) Kuo	f0d22cdc-288c-55e0-9959-7bf5f356d6e7	Microsorium henryi	false
0000d924-4213-5bec-bc30-c7e1d5c65039	Uroleucon (Uromelan) nigro-campanulae Papapanagiotou, Nathanailidou, M. Taylor, Zarpas, Voudouris, Tsitsipis & Margaritopoulos, 2012	f7a928b3-7de7-561d-9a77-87bf628fca9a	Uroleucon nigro-campanulae	false
0000da3b-97f7-5539-a74c-b466ab2240aa	Mauka H.B. Baker, 1940	0b509963-5694-5ff8-834d-0a14e9951f29	Mauka	false
0000da87-5d24-553a-878a-fcf971b130dc	Paspalum virgatum var. conspersum (Schrad.) Döll in Mart.	b797c0d4-8bae-54a2-b03c-f096a4c6b01f	Paspalum virgatum conspersum	false
0000dbfa-c887-519e-9850-ac1e1f34d216	Centhostecoideae Soderstr. ex Caro, 1982	a3731151-81b5-5be0-ae39-d7669c5e5404	Centhostecoideae	false
0000dc67-e116-53a3-aaf3-6a9b89488a10	Janthinisca postlutea Kiriakoff 1959	3ef0680b-6dcb-5be8-9843-b8aae6ca35e4	Janthinisca postlutea	false
0000dc94-d7a7-5a19-8e0e-83660ff8016b	Conioselinum tataricum Hoffm.	a4b94dcb-5d9d-59d5-aa78-2f9d888eb810	Conioselinum tataricum	false
0000dd05-754c-5a20-98a7-8af26f518842	Bermiella acuta (St�l 1878)	cf56997f-152d-5842-be98-e9170fc143c8	Bermiella acuta	false
0000dd10-fc48-575b-97fb-4d175487cf2e	Trichodorus iuventus	0000dd10-fc48-575b-97fb-4d175487cf2e	Trichodorus iuventus	false
0000def9-2991-519e-a2a6-3d52388623e2	Oscinella (Oscinella) vindicata (Meigen, 1830)	d619b458-87f7-588d-936e-9bcaaf54b8c6	Oscinella vindicata	false
0000dfd8-011d-5837-9d9d-89a9fbdda93b	Gonomyia (Gonomyia) brevicula Alexander, 1926	225db10a-b38f-50d0-8b7f-6fc86b465772	Gonomyia brevicula	false
0000e007-a5ee-588a-b721-9db379196351	Platysaissetia carinata	0000e007-a5ee-588a-b721-9db379196351	Platysaissetia carinata	false
0000e10c-6096-5df4-ad3b-f8303dd8ad63	Sorites discoideus (Flint, 1899)	71e0e92b-bd09-5372-8c71-eeb8554e5e3f	Sorites discoideus	false
0000e166-017e-56ee-b748-ab29e3d46af3	Arctium actinia Kuntze	ecba5d01-4afb-5641-8ffb-2376663d2f83	Arctium actinia	false
0000e1f2-6fb7-5c18-be52-bf8c4c83c56b	Psilopezia tremellosa	0000e1f2-6fb7-5c18-be52-bf8c4c83c56b	Psilopezia tremellosa	false
0000e21a-75f2-58fe-95f2-d67da569575b	Brachynus bodemeyeri	0000e21a-75f2-58fe-95f2-d67da569575b	Brachynus bodemeyeri	false
0000e389-52f4-5dc6-99d2-b143dd457426	Astrocystis Berk. & Broome 1873	d7858636-a738-5b4e-9dd7-5c267f729826	Astrocystis	false
0000e471-cc1d-57d3-ace2-f49decd776bc	Leucoagaricus sp. ASM020815-04	c9b828bb-73eb-54de-a5cf-4d16a1779552	Leucoagaricus	true
0000e49f-623b-5cbb-ac02-21ef8662fa20	Squamaria chrysoleuca v. complicata	a463b8f4-ebd9-5c29-8d59-27a1f72f9e5c	Squamaria chrysoleuca	false
0000e4a3-9b48-5c84-9c96-a561a5aa0c12	Xenophora solaris (Linn)	e0cfd2a9-c5fa-5fb3-9161-0b43b4ba0893	Xenophora solaris	false
0000e612-10ca-5833-b738-629e942337e5	Gronotoma nigra	0000e612-10ca-5833-b738-629e942337e5	Gronotoma nigra	false
0000e612-e93d-5f09-b461-bb418810d265	Jungiella parva (Sarà, 1956)	905191d4-c0da-5265-89e4-51221410c2b1	Jungiella parva	false
0000e647-2d89-50cc-8bfb-ae6712276eae	Lebertia stjoerdaliensis Thor, 1906	042257b6-c743-5f53-8832-17d796071e3b	Lebertia stjoerdaliensis	false
0000e67e-6cc3-5671-86ed-c7f4ea9f7899	Holopyga raziborskii	0000e67e-6cc3-5671-86ed-c7f4ea9f7899	Holopyga raziborskii	false
0000e685-9bd9-51d4-8a2f-6f2576aa0f49	Copestylum purpuriferum Bigot, 1875	175bfc64-4911-5428-91a7-9442ed07daa4	Copestylum purpuriferum	false
0000e772-3e37-5734-8d63-8af7ecab209d	Tinea mancuniella	0000e772-3e37-5734-8d63-8af7ecab209d	Tinea mancuniella	false
0000e784-7064-5fd0-b197-6fbcf7b88edc	Psammopkis angolensis	0000e784-7064-5fd0-b197-6fbcf7b88edc	Psammopkis angolensis	false
0000e852-e2c0-5a04-b771-0737a4acef9f	Amara aubryi Schuler, 1964	20f1cd04-069c-5504-8ab6-8e5d8215a9d2	Amara aubryi	false
0000e883-7825-5f0e-b20d-fd16ad276a5a	Euploea horsfieldii Felder & Felder 1865	711935c2-c69c-58ad-9692-3e4d1ab41fc1	Euploea horsfieldii	false
0000e8ed-1172-5b5f-b376-cbff77c10797	Hypena pulverulenta Wileman 1911	c6a135cb-a7cf-5a01-8e9e-d8d32b418409	Hypena pulverulenta	false
0000e91e-33b6-58d8-9d06-adf1dc8f22b1	Limonia moesta (Alexander, 1923)	d755840d-dd6b-595c-a525-cd3e5d400514	Limonia moesta	false
0000e941-82d7-5525-8940-0012cd7fd918	Dielsiella ciferriana Petr. 1932	0a4d0f0f-2a07-5d36-acf1-ea6b1549cc7f	Dielsiella ciferriana	false
0000e978-6f98-5872-8648-9030126340bd	Demetrida aiyura Darlington, 1971	9d70d427-d00a-50b5-a94f-c246c22af48c	Demetrida aiyura	false
0000e9b0-9ffe-504d-a857-2a651e3e31a6	Proelymiotes similis	0000e9b0-9ffe-504d-a857-2a651e3e31a6	Proelymiotes similis	false
0000eaa1-a1df-5708-827b-b89e12c19702	Hamiticeras crevolai Vermeulen, Thieuloy & Lapeyre 1999	1095deb1-8c40-5ab8-8a00-72ca7a718830	Hamiticeras crevolai	false
0000ec53-fc4d-594b-a867-b63422e20a07	Corenohydnum anomalum Lloyd	bb4e87f2-f267-5c57-b02c-bbb6631c02c2	Corenohydnum anomalum	false
00011f6d-61ff-5ce7-b2b1-f1ce4b0276f0	Santinezia onorei	00011f6d-61ff-5ce7-b2b1-f1ce4b0276f0	Santinezia onorei	false
0000eca4-5ad7-5118-ae04-dfae6de548dd	Kiotina decorata (Zwick, P., 1973)	2eefd29e-004a-543f-a005-2eafdfd72483	Kiotina decorata	false
0000ed14-5f15-5388-bd7d-8badfd8abd86	Clathrina ferdinandii (M�ll. Arg.) M�ll. Arg. 1883	69da1bca-7f81-501b-961c-b951dbc7ae1d	Clathrina ferdinandii	false
0000edbc-89c7-51f3-9993-6e99e5f28fb0	Mniobryum K.G. Limpricht, 1892	76a1c60a-8fd5-5683-972c-1249c9296607	Mniobryum	false
0000ee46-2c13-5c07-9117-65f34eb10282	Papilio leechi aprilis Bang-Haas, 1934	dc4b1949-d5e0-54af-b454-950caacfbb80	Papilio leechi aprilis	false
0000ef47-c560-54fb-813a-afbc2c4dd8b6	Astasia longa var. dachii E.G.Pringsheim & R.Hovasse	6fdc2af5-8f82-549a-adde-b31eba7af743	Astasia longa dachii	false
0000efff-28ea-5e75-b4fd-9116558a33ff	Xysticus denisi	0000efff-28ea-5e75-b4fd-9116558a33ff	Xysticus denisi	false
0000f0c7-9ee0-5f0a-a2c9-0b19f8a30e43	Polycera incognita (Ortea, Espinosa & Caballer, 2005)	42894157-6770-5299-b712-972313cf4f1a	Polycera incognita	false
0000f195-7693-5536-9af6-3c6f57346f75	Dalea scoparia suberosea	0000f195-7693-5536-9af6-3c6f57346f75	Dalea scoparia suberosea	false
0000f237-bd77-59ee-942e-d4013ac04bde	Abuta pahni	0000f237-bd77-59ee-942e-d4013ac04bde	Abuta pahni	false
0000f24c-a281-5d74-a881-5ecc27d017c6	Dryopteris funckii (Mett.) Kuntze	0f34eced-2f12-5739-ad00-de2da92e11f7	Dryopteris funckii	false
0000f269-f18d-561f-a54f-c0a4ed77a767	Ornithoptera (Ornithoptera) priamus poseidon form. titanoides	b459c794-b87c-58cd-8752-4882d63b95ed	Ornithoptera priamus poseidon titanoides	false
0000f3f0-28a4-5fff-9258-d0de7c76ddb3	Rhabdospora rectispora	0000f3f0-28a4-5fff-9258-d0de7c76ddb3	Rhabdospora rectispora	false
0000f40c-e3a2-5d43-84f0-a36d1488df50	Dianthus bracteatus Willd. ex Ser.	ed142144-946d-5423-b4e3-71ef1d620510	Dianthus bracteatus	false
0000f53b-b595-52a0-973c-56d951a01f4d	Mycenastrum oregonense Ellis & Everh.	0cb9704b-2722-59fc-9196-27378520ac1b	Mycenastrum oregonense	false
0000f78e-22fa-5c31-bdd6-c9974fff17bd	Influenza A virus (A/Delhi/089/2013(H1N1))	a9456e61-bd30-53bc-8588-accb913cc64a
0000f7ce-732a-5c43-82ef-04a26910e367	Aulocostethus pulcherrimus Evans, 1955	f5440ccc-773d-5526-abce-c7c795447fc9	Aulocostethus pulcherrimus	false
0000f99e-7d6a-52f9-a595-e5e99ff9ad92	Parasa martini	0000f99e-7d6a-52f9-a595-e5e99ff9ad92	Parasa martini	false
0000fa0e-b797-5162-b8fe-1979adc99f4f	Oncidium bidentatum Rolfe	b7041fc7-379f-5850-8e63-29139690fc14	Oncidium bidentatum	false
0000fa7c-3cff-5d08-b6c0-9fd9395b9455	Rubus rudis platycephalus	0000fa7c-3cff-5d08-b6c0-9fd9395b9455	Rubus rudis platycephalus	false
0000fab3-7c6d-5ce5-99a4-9a7492f13de3	Rhacophyllites bloosi Guex, Taylor, Rakus & Bucher 1998	7e9722b8-fa08-52d7-ad15-6e2d9369407c	Rhacophyllites bloosi	false
0000fac3-c9a7-5ca9-9336-89946408e1f3	Agalmopsis utricularia	0000fac3-c9a7-5ca9-9336-89946408e1f3	Agalmopsis utricularia	false
0000fb34-869c-5511-b8d1-82b5199431e9	Cyanotis labordei H.L�v. & Vaniot	420dc255-c741-502c-99eb-a60142ca3245	Cyanotis labordei	false
0000fba2-8661-507e-ac35-bf36c2cc685b	Atkinsonianus Distant 1909	81c88d8c-abb4-51b8-b5d4-02969a2338ea	Atkinsonianus	false
0000fcc3-e24b-56bf-a4a7-a21430edeb30	Chiodecton podopthalmum	0000fcc3-e24b-56bf-a4a7-a21430edeb30	Chiodecton podopthalmum	false
0000fcfb-9ec0-52fb-9626-1d22f2f06f17	Evylaeus gilanus (Bluthgen 1931)	95127b4a-29b3-5181-a894-195747c2a5d1	Evylaeus gilanus	false
0000fd71-3b3e-5cc1-afa5-1c14dc67b40d	Micrampelis oregona	0000fd71-3b3e-5cc1-afa5-1c14dc67b40d	Micrampelis oregona	false
0000fe3c-4a5e-52e0-8752-96fe28d87c26	Dysodia bifenestrata Semper, 1902	6ed94238-c3bc-5915-9df5-3e2551f19d38	Dysodia bifenestrata	false
0000fea4-3fa0-5f1a-b2a5-075988a7275d	Symphyotrichum regnellii (Baker) G.L.Nesom	6caa5346-29ba-5d3c-8cce-8ac3d08fd4e5	Symphyotrichum regnellii	false
0000ff1a-d483-5b93-9b89-95432c54452e	Vexillum formosense Sowerby	ebf708d2-861c-5aee-9965-5d88fd6bbd99	Vexillum formosense	false
0000ff52-3fad-509b-a6b1-dac4c41af0f1	Tachytes sayi Banks, 1942	29ca8d39-c894-5c46-b133-fc2508e3de9c	Tachytes sayi	false
0000ff53-81bc-5335-a959-2be2b86c81a6	Mecysmoderes ater Hustache, 1916	99f2e8b7-e484-591b-94bb-2e079825a3dd	Mecysmoderes ater	false
0000ff8e-3da9-5d58-a770-b457ea9c2ca1	Storthocnemis saudita Koch 1965	0a72447b-eba5-5783-8d19-8f9d9c3efe61	Storthocnemis saudita	false
00010006-47b1-57eb-8948-03e9f535e970	Drusilla borneostricta Pace, 2014	32016e11-b458-5ff3-94c6-ac5e5a8d63a4	Drusilla borneostricta	false
0001000c-0f9b-5199-a494-92516845bead	Symmorphus dialenkus	0001000c-0f9b-5199-a494-92516845bead	Symmorphus dialenkus	false
00010018-ce8e-5ee1-bf8e-a7777495bd98	Scaphidium palonense	00010018-ce8e-5ee1-bf8e-a7777495bd98	Scaphidium palonense	false
00010163-b9c2-5213-b8eb-f229f50c51b0	Cheilosia japonica (Herve-Bazin,1914)	c5e1362c-b254-5089-b73d-2518fffd9dd5	Cheilosia japonica	false
0001017e-e35a-5159-b692-af1f189fd55b	Nanometra	0001017e-e35a-5159-b692-af1f189fd55b	Nanometra	false
0001017f-cd51-5e4d-b193-ce98acc0292c	Rhytidiadelphus squarrosus var. robustum (Limpr.) Warnst.	1bdf198b-8204-56d6-913a-8ff1ead5e28d	Rhytidiadelphus squarrosus robustum	false
0001020a-fdb3-58ad-9b6d-612d7e55327b	Bychowskyella vacha (Tripathi 1959)	e756cafa-cb18-5c26-bcc7-f6eddf16e81b	Bychowskyella vacha	false
00010501-5de4-5fd4-b4a4-d25e38c84b39	Nasonovia houghtonensis similis (Troop, 1906)	e3927c02-a804-5bc0-8f1a-dae4758be7d5	Nasonovia houghtonensis similis	false
00010504-d1a8-5e1d-b99a-36e493716883	Tetrachaetum marchalianum (De Wild.) anon. ined.	6084a0fb-5fae-52ec-9916-882ac3a45098	Tetrachaetum marchalianum	false
00010535-fa1d-5462-b7f2-1c4e4b254e06	Diplacodes limbata	00010535-fa1d-5462-b7f2-1c4e4b254e06	Diplacodes limbata	false
000105ed-8352-5706-9c65-30b55764c9d9	Rhynchosia himalensis Baker	7dfdd028-7eee-5d64-990b-d299370bcb69	Rhynchosia himalensis	false
00010738-1949-5144-8972-edcf735702bc	Lobelia cordigera var. marryattiae (Paxton) E.Wimm.	366b4154-aad9-5f50-8b2e-d08f02961cce	Lobelia cordigera marryattiae	false
00010772-38f8-5cf0-9446-7d9874ba3e1c	Thorictus seriesetosus Fairmaire, 1870	2de5298d-9956-5c0f-99b1-327b2ea07a82	Thorictus seriesetosus	false
00010891-55a1-5a60-861c-c8533ca23de5	Elasmus claripennis (Cameron)	223c08a8-6a35-579c-8740-a912bc0cd9e8	Elasmus claripennis	false
000109ce-250f-56f7-b768-6026bea10723	Ocydromiinae Melander 1908	c91539b2-9d29-5469-a5ac-d311341a32c2	Ocydromiinae	false
000109dc-b4ee-5dac-94c0-34caa1008ebb	Toxocarpus merrillii Schltr.	ed4ba576-6777-5cdd-8d9d-3c951e56ac91	Toxocarpus merrillii	false
00010e62-637e-5702-9e8b-65f827415b8c	Mimohammus flavescens Aurivillius 1913	9edba188-4e85-56ef-9688-ab7e79bf2c58	Mimohammus flavescens	false
00010ed1-c8a1-5e1e-93b0-2c47d340b101	Thyreomelecta sibirica (Radoszkowski, 1893)	da93313f-2f62-56c7-89c0-03df92ea5d6f	Thyreomelecta sibirica	false
00010f2e-7c97-5908-85d5-2ee71b9fa122	Otiorrhynchus (Cirorrhynchus) babensis Apfelbeck, V. , 1895	aae221ae-f2ce-5d2a-8400-d16e2b0718dd	Otiorrhynchus babensis	false
00010ff6-17e0-5b7f-a93a-0f6092f7da45	Praedaraelites acutus	00010ff6-17e0-5b7f-a93a-0f6092f7da45	Praedaraelites acutus	false
000110b6-0e57-5251-996f-1ac51bd528d4	Convolvulus sellowii Meisn.	b322f7f2-1903-5cbf-bc9c-2f0f28ba8dd2	Convolvulus sellowii	false
0001120d-61ef-5ab4-8187-5402ac0296d4	bacterium enrichment culture clone 1g08	a9456e61-bd30-53bc-8588-accb913cc64a
0001149c-7fe9-5db2-9dc5-2ee59f883738	Rugosofusulinidae Davydov 1980	5f0e963a-5b5c-515f-a3d3-c7305914bf28	Rugosofusulinidae	false
000114af-c7aa-5e4b-b2f4-2886db8bbcae	Delias aruna inferna Butler 1871	3798c163-89fb-516c-84e3-c3a49dc39c3c	Delias aruna inferna	false
00011577-c6f7-5b62-ac50-6992d0857043	Kramerolidia krameri	00011577-c6f7-5b62-ac50-6992d0857043	Kramerolidia krameri	false
00011580-53ba-5c11-91ce-2ca6403c3850	Hypotrix basistriga	00011580-53ba-5c11-91ce-2ca6403c3850	Hypotrix basistriga	false
0001172d-6a30-5bed-8c33-c45ea2888c51	Coryellites coventinae Robinson 1978	0d8fb99d-2799-5144-b26b-2857595e0959	Coryellites coventinae	false
00011902-d4f6-5976-9f9c-749056e6080f	Chlaenius paulyi Kirschenhofer, 2009	f3f9cfd8-6c06-567a-af6e-22dc1957b6d2	Chlaenius paulyi	false
000119c9-8f8d-5a0d-9324-d18b1bf439d0	Hookeria regnelliana Müll. Hal.	f9301e78-6d8c-55ea-b4cf-1d91b0494509	Hookeria regnelliana	false
00011a42-a4d8-5542-a2c3-b8ec9aae2c7f	Vermicularia protracta Fr.	3388d513-b90b-5d32-a35d-41720b01d342	Vermicularia protracta	false
00011ad8-0610-5769-a1fb-9f250a411f04	Philine catena eoponderosa Ruggieri 1949	ad028db1-2757-5d41-a4d6-1da5b5fea30a	Philine catena eoponderosa	false
00011b35-4fca-59b3-ad7e-2946c9d0612b	Cystoopsoidea	00011b35-4fca-59b3-ad7e-2946c9d0612b	Cystoopsoidea	false
00011b53-e2c6-5926-84ab-4f5c9c1b2a15	Achnanthes kolbei Hust.	c7924694-144a-53a0-8701-98eb94672298	Achnanthes kolbei	false
00011c35-bbda-5f36-9ad1-ffb17aa274c9	Alteromonas sp. AS-7	c5528d42-d330-5efb-a225-9cd349da38f4	Alteromonas	true
00011d76-e733-51c9-a61f-022e05335f47	Hornstedia Juss.	554e11f8-c1d0-5af9-b812-59b2f5e1d2fa	Hornstedia	false
00011e9e-a200-5f02-93a0-9d7fabe384b6	Ceratobracon stschegolevi rufiventris (Telenga, 1933)	248bdd9b-1d7a-5e9c-8c73-11229bd3c890	Ceratobracon stschegolevi rufiventris	false
00011ef4-709e-5240-81df-aaa2749edf97	Baris babaulti Hustache, A., 1921	3f77afd2-c60c-5d8b-82cf-033a67409176	Baris babaulti	false
00011f73-25a4-546d-bf8b-3bc7f34899ad	Necroscia robustior (Redtenbacher 1908)	ef762eb7-9569-5011-9e79-cd7a9608b33e	Necroscia robustior	false
000120c9-b23f-516b-82d4-362e902498bb	Leucoagaricus pilatianus (Demoulin) Bon & Boiff.	e47d4b5e-74f8-5c13-9232-a4efbde9cfe4	Leucoagaricus pilatianus	false
000120f5-19ce-5240-8709-ac8d0ebc63b8	Hylotrupes latus Casey, 1924	401266af-9831-56fd-a545-96fe3df351c5	Hylotrupes latus	false
000121d3-5f78-5141-a1fe-e1485ff09e46	Peperomia blanda var. cobana C. DC.	2484771f-f176-5579-a714-1ad82179ecb8	Peperomia blanda cobana	false
000122bb-ffa0-5af9-9c88-2de3958fbb0f	Megachile varidens Cameron, 1905	758bca37-719f-5e22-a0d8-cd09d1f27288	Megachile varidens	false
000123ba-3c89-5f02-a700-d9277971a9e4	Synixais fuscomaculata Aurivillius 1911	d71c560b-4d60-5f54-9057-837f52766882	Synixais fuscomaculata	false
00012414-1883-5ea5-baae-6194d9b35cd6	Graphis chrysocarpa var. cinnamomea Eschw.	e8962c7f-9171-5ca6-992d-b2715e1e51c4	Graphis chrysocarpa cinnamomea	false
0001249b-1d33-533a-b909-6e2db0ecd2c4	Oxysomatium caucasicum	0001249b-1d33-533a-b909-6e2db0ecd2c4	Oxysomatium caucasicum	false
000126e3-df71-5fe5-bee7-736c317fe900	Fragum peronatum T. Iredale, 1929	d321459d-c193-524f-b9ac-8e3e5b0682b5	Fragum peronatum	false
00012809-2171-5426-a002-8567a0148002	Eudaphaenura splendens Viette, 1954	4b85b47f-36ff-5fbe-add2-2c114d025767	Eudaphaenura splendens	false
0001282d-96cf-5f9d-b249-6646f1defc29	Paralabrax guttatus	0001282d-96cf-5f9d-b249-6646f1defc29	Paralabrax guttatus	false
0001284e-b1ad-5c0f-a6e7-fb2a0bc3d8a9	Omphalina lilaceorosea Svr?ek & Kubi?ka	53e17cbc-5067-5879-bb4d-4d85c817e8a0	Omphalina lilaceorosea	false
000128d5-fa44-5396-98e4-2857cb116bf2	Serraphula mpumalangaensis Biondi & D’Alessandro, 2010	1f8dda99-e69f-588c-8aec-48291adb0bd8	Serraphula mpumalangaensis	false
00012a2b-cb59-5946-9fff-407fd961fc94	Dendrophilus xavieri Marseul 1873	9c4aabec-93f7-5a21-b711-45109994fd8a	Dendrophilus xavieri	false
00012a31-4462-5142-bc84-6041fc33be83	Dipladenia atroviolacea Müll.Arg. in Mart. var. cuneata	b04715db-bcf3-538b-9c4a-6d8c9f97d462	Dipladenia atroviolacea cuneata	false
00012b34-a8a2-5a5c-a615-becc720776c0	Arrenurus (Arrenurus) tricuspidator (O. F. Müller 1776)	ead48aed-03f5-57d4-a45b-743e682814b9	Arrenurus tricuspidator	false
00012b56-eb65-55d9-8272-5003c4362c37	Neocheiropteris ovatus	00012b56-eb65-55d9-8272-5003c4362c37	Neocheiropteris ovatus	false
00012c84-60bd-5a22-a11a-8a6ec2c42db9	Metadiplodia pandani	00012c84-60bd-5a22-a11a-8a6ec2c42db9	Metadiplodia pandani	false
00012cfe-414a-55f3-b683-d84035924bf8	Cactophagus sanguinipes	00012cfe-414a-55f3-b683-d84035924bf8	Cactophagus sanguinipes	false
00012dfc-5545-5256-94ee-f14161f4cd76	Indolaophonte gemmarun Cottarelli & Pucceti, 1988	55faa6f8-d970-58d7-b0c3-af9696a14b24	Indolaophonte gemmarun	false
00012f2e-4e71-5e8c-81ea-7e5bb7ced19b	Coniothyrio concentrico (Desm.) Sacc. var. pincenectiae S. Cam.	0491fc21-3841-5485-99ba-4c613d60629c	Coniothyrio concentrico pincenectiae	false
00012f75-679f-5df1-b45b-ff68fcbc8fcd	Desmotrichum fimbriatum Blume	4cd80643-f4de-5e56-bdd4-46791aa4b865	Desmotrichum fimbriatum	false
00012f90-0794-510f-a8e9-8975d91c97a0	Mallomonas portae-ferreae reticulata	00012f90-0794-510f-a8e9-8975d91c97a0	Mallomonas portae-ferreae reticulata	false
000130bb-b09b-577e-898e-d8627e9e0cb5	Onthophagus (Micronthophagus) ochreatus D'Orbigny, 1897	ceab321f-0ec0-5dc8-86c9-6fe6cb526d9c	Onthophagus ochreatus	false
0001327b-9a10-5cd5-8218-abd994d53739	Cyclostoma rugulosum	0001327b-9a10-5cd5-8218-abd994d53739	Cyclostoma rugulosum	false
000136ab-de4c-52c8-bfc3-14a72ce7a887	Oxytropis sordida subsp. sordida	919b9c97-231d-5fdb-8c89-463915736047	Oxytropis sordida sordida	false
0001380f-9e01-53b8-a53c-ae02bfe4c9e6	Bembidion intermedium (Kirby, 1837)	62021217-fa89-53f9-b094-40bcf0e0cf5c	Bembidion intermedium	false
0001386b-544f-582c-a365-e143455b7084	Lyroporinae Goryunova 1992	2fba44d7-d38e-50fe-9cdf-3e882dad0072	Lyroporinae	false
000138ab-0c3a-5abd-9e46-24dea0973fc9	Salix laevigata var. angustifolia Bebb	73e65abf-6cdd-5001-9ecb-2b2450ab4d24	Salix laevigata angustifolia	false
00013935-a44d-511f-8aff-f1a66dbd4957	Hypericum patentissimum Colla	0b5fb6e9-011d-5ae1-a601-850f752e7c53	Hypericum patentissimum	false
00013963-9e8a-5656-adc8-82463dea19d6	Mikania subcrenata	00013963-9e8a-5656-adc8-82463dea19d6	Mikania subcrenata	false
00013ab9-2b6a-5f0d-8a23-bb8b9522f235	Acorduleceros ruficeps Konow 1899	8873b1ac-8f5d-52a6-b154-e72e3e6ec4d4	Acorduleceros ruficeps	false
00013ae1-f30e-5eec-92bb-10ef1747ff71	Lophostethus congoicum Clark, 1937	8b74fa15-0718-578a-aa5a-b3ee3269263c	Lophostethus congoicum	false
00013afc-a112-584c-b8e3-503f583634bc	Huperzia hippuridea (H. Christ) Holub	82619716-f211-587d-b51f-23723e6742a9	Huperzia hippuridea	false
00013bc3-f737-530d-bc8d-11702e068da8	Micreumenes mozambicanus	00013bc3-f737-530d-bc8d-11702e068da8	Micreumenes mozambicanus	false
00013d1f-7746-550f-9c68-f55b0fc7020a	Sphaeria ulmi Schultz 1806	da2dbd9d-6a5c-5baf-9c1c-c16ea3df1085	Sphaeria ulmi	false
00013d4c-df84-5df9-a5b9-96dba2ee7250	Dictyonema flexiliramosum	00013d4c-df84-5df9-a5b9-96dba2ee7250	Dictyonema flexiliramosum	false
00013e5b-62c0-5895-bcc7-97c8d909b51b	Otiorhynchus sibiricus	00013e5b-62c0-5895-bcc7-97c8d909b51b	Otiorhynchus sibiricus	false
00013f57-c5f7-5695-845b-e9dfc4485957	Exorista melas (Bigot, 1889)	cd8c8b7c-6dff-550a-880f-e87cb32ae2c8	Exorista melas	false
0001404e-2196-567d-b858-26d3d8172b42	Doris peculiaris	0001404e-2196-567d-b858-26d3d8172b42	Doris peculiaris	false
00014100-17a9-53dc-91e8-26452ae20c41	Scorzonera crispatula auct., non (Boiss.) Boiss.	1726658a-e32a-5c50-a6bf-5e5eed7514cb	Scorzonera crispatula	false
000141dc-dac4-57f8-9d41-aa9d2932a4dc	Bostrichus saxesenii Ratzeburg 1837 sec. Samuelson 1978	d6518ef4-1941-585f-8180-6a02815fabfe	Bostrichus saxesenii	false
00014217-0353-5e8c-9691-435c2d48bdc4	Epicauta (Macrobasis) distorta (Champion, 1892)	68d64d8a-f3de-5b8e-a70a-474e07c3288a	Epicauta distorta	false
0001424d-a98d-5d07-8bc8-f8dcbd10710c	Koeleria pseudocristata var. pseudonitida	c7b50be7-d00c-5483-92f5-6b6250f9da22	Koeleria pseudocristata pseudonitida	false
000142be-94ce-5f75-a9d6-0c0861f93317	Gnaphalium (Wedd.) Gren. subgen. Gamochaeta	ac811f6e-0e13-592e-99b6-323a3ee69dd2	Gamochaeta	false
000142c8-1bbe-56a8-a68f-fa2ebf808da3	Sorbus globulifera	000142c8-1bbe-56a8-a68f-fa2ebf808da3	Sorbus globulifera	false
000142fd-60fd-5369-b076-3ddd76d3e58f	Ornithinibacillus Mayr, Busse, Worliczek, Ehling-Schulz & Scherer, 2006	8fa7a4a1-f06c-5d72-8451-2d828bfa995d	Ornithinibacillus	false
000144d5-0558-561e-be1a-011f1241ce42	Cardiophorus tenebrosus LeConte 1853	ac891717-f1e1-5ae7-8732-9d12d4cb29eb	Cardiophorus tenebrosus	false
000145ad-859b-56f5-8248-5c7bf7aacda9	Ctenodrapetis Bezzi 1904	bdfc697c-eac4-587d-8828-39e955a2fcd1	Ctenodrapetis	false
0001468c-4954-54a7-be1d-f030a3514137	Dictyla cheriana	0001468c-4954-54a7-be1d-f030a3514137	Dictyla cheriana	false
0001482f-84b8-5084-a7ad-83e807b59cc1	Alyxia acuminata	0001482f-84b8-5084-a7ad-83e807b59cc1	Alyxia acuminata	false
00014847-e197-5c05-9990-49570cd4212e	Molophilus (Molophilus) unguifer Stary 1978	94dd3133-bd5d-55d6-82dc-ffd3bb04987c	Molophilus unguifer	false
00014856-4b0d-57f7-8e25-442bc893cf53	Leucophanes octoblepharioides var. octoblepharioides	abff9934-3e68-55b6-be04-a7e0978886cf	Leucophanes octoblepharioides octoblepharioides	false
0001495c-01cc-5080-8275-a5900df5cf8d	Licania impressa	0001495c-01cc-5080-8275-a5900df5cf8d	Licania impressa	false
00014a04-717b-56f1-8b7b-5c77ea6064bd	Helotiales sp. 3 KO-2013	4a616388-a89e-57ef-8b2c-033ce970ef22	Helotiales	true
00014a76-ba96-52bb-9248-5745b2572007	Protoschelobates castlei Jacot 1934 sec. Tenorio 1976	e21cb7e5-4cd3-5b79-ac07-4b4db13ea72d	Protoschelobates castlei	false
00014b28-0714-59ee-88ea-f3ba4e9e42a2	Strigoptera (Aldabrica) fryeri (Kerremans 1914)	27d06443-cc8c-5e1a-8a52-70e16c4ff150	Strigoptera fryeri	false
00014b85-76cd-583c-ba2b-c3261dbe70a5	Drynaria ovata Fée	bdd37a69-4cfe-5007-86ae-5e9ecc39a786	Drynaria ovata	false
00014bb1-ece9-5bfa-a615-9f539b21f012	Flammulina callistosporioides var. bryantii Raithelh. 2004	282323a6-6426-5f6b-a89e-cce84e65a336	Flammulina callistosporioides bryantii	false
00014bc5-06e8-5d8e-8cfb-9abbfc7df144	Pseudozosterops	00014bc5-06e8-5d8e-8cfb-9abbfc7df144	Pseudozosterops	false
00014bcc-34b3-5baf-b70b-c36e062c4f67	Polyblastia scotinospora var. subsphaeroidea Räsänen 1943	a7f75a12-908d-529e-8839-f1e72293b234	Polyblastia scotinospora subsphaeroidea	false
00014c5f-a7ae-5fc1-8186-67155c0f3ca1	Dasyatis purpureus (M�ller & Henle 1841)	d19dcda2-e399-5560-96e5-728cb707438c	Dasyatis purpureus	false
00014c8c-b636-5c68-b05a-c41d20312b24	Pimpinella henryi Diels	16052c22-9e7c-577a-a9d5-d6abac8f70bc	Pimpinella henryi	false
00014cd9-d2e7-5411-9b04-8f730268acea	Rhopalocarpus fruticosus Teysm. & Binnend. ex Miq.	e4c4b2fb-8315-529b-9ed0-116d1ec049c1	Rhopalocarpus fruticosus	false
00014ed8-0733-5bd2-9c7c-0f4a7d24b879	Lithophane gausapata Grote 1883	7ad31e5b-ad7c-555c-9deb-32b80f4ba744	Lithophane gausapata	false
00014ee5-cb32-5192-9c02-6c6479d68d97	Molophilus nigritus	00014ee5-cb32-5192-9c02-6c6479d68d97	Molophilus nigritus	false
00014f20-6be5-54ee-bd91-8ec36743acfd	Coleophora stachi Toll, 1957	ed5a3ed0-49e7-5e4e-86fc-818abfe93874	Coleophora stachi	false
000150b0-e6b0-5d8f-bbf6-4bb0d54f1fe6	Meseres cordiformes Schewiakoff, 1893	914d946e-2e02-527a-92fb-b3c0c7a0f748	Meseres cordiformes	false
000150e0-5c13-5cb2-a7ac-1029b21cbf3e	Mimusops triflora Allemao	62190303-1982-5a3d-a528-c68e16f2395c	Mimusops triflora	false
000150ea-a939-5dd1-b109-0848ae93425f	Ipomoea argyreia fo. intermedia Chodat & Hassl.	e8b10b1e-c545-5658-a6a6-708199873518	Ipomoea argyreia intermedia	false
0001510f-cc91-5f40-9c27-5b802816e82b	Pterolophia medioplagiata Adlbauer, 1997	bceb2990-5b0b-54ec-a74f-3608a68cdfaa	Pterolophia medioplagiata	false
000151d5-e84d-5806-8941-9af952b1df56	Symphyogyna circinata	000151d5-e84d-5806-8941-9af952b1df56	Symphyogyna circinata	false
000151eb-af62-5fb7-96f1-39f584eb7802	Elymus hispidus (Schur) Melderis subsp. barbulatus	7510924d-b17f-512d-8979-c75b580978d3	Elymus hispidus barbulatus	false
00015232-c3a0-5bc4-ba4e-d0dc460563c3	Pseudelymus saxicola (Scribn. & J.G.Sm.) Barkworth & D.R.Dewey	05147066-8dca-568d-96ab-bac0198ee232	Pseudelymus saxicola	false
000153f7-2a0a-5473-8568-34ae74e480f5	Melanomma obtusissima Speg. 1924	388b115d-2ebf-5477-892e-1095b5dbc19e	Melanomma obtusissima	false
00015498-c3a1-597b-bb71-ebda1899912b	Glenea bimaculicollis Thomson 1860	775e071f-721b-55fb-990e-f46c9708b12f	Glenea bimaculicollis	false
000154ed-bbc5-581a-b2ab-0dcf8401dcfb	Periglyphus gastris Boheman, 1834	01ff0f04-9fe6-5eb6-beda-c1d8ace82b7d	Periglyphus gastris	false
000156cd-8447-57fc-a4e6-7bd1c1d80fef	Protaetia bidentipes Arrow 1907	b798dda7-e136-5fb1-badb-49e0505a31a6	Protaetia bidentipes	false
000157e6-6dc2-5b23-ab4e-030c1fb6eb0b	Copididonus alvarengai Zanol & Sakakibara 1984	9e6c3a98-67f8-56be-b016-f91a743cc5e3	Copididonus alvarengai	false
00015877-d065-5337-8531-5026772dd2af	Lepidoderma geaster (Link) Morgan 1903	889ee2ce-540b-5ad7-aa6e-740f7a784d5b	Lepidoderma geaster	false
0001591a-7204-5b5b-86b7-253e236e90a7	Phyllostylon brasiliense	0001591a-7204-5b5b-86b7-253e236e90a7	Phyllostylon brasiliense	false
0001594f-da21-56b6-b4ef-c79026ff32f3	Apalis thoracica subsp. uluguru	cf15f97c-17fc-5c14-95fd-2b1558f1c800	Apalis thoracica uluguru	false
0001598a-0746-54b6-a18d-37a0b3f1678f	Cystophorini Burns and Fay 1970	03400582-43c3-514f-b766-786b2e020e05	Cystophorini	false
00015a0c-b27b-5a61-b009-cb41e373c495	Stipa clarazii Ball var. bulbosa Speg.	7552963e-861b-55ba-a67d-4a2798eb92c8	Stipa clarazii bulbosa	false
00015aa4-233c-574b-94ea-acd00962c2e0	Phyllonorycter sp. 2 BOLD:AAC1756	902114ea-c2df-589e-b7a3-9f53733db7de	Phyllonorycter	true
00015b7c-2390-5a68-8ac0-e51ebceb7d75	Sebastes phillipsi	00015b7c-2390-5a68-8ac0-e51ebceb7d75	Sebastes phillipsi	false
00015bd4-8e4c-5c33-a1e3-a735ba5137ed	Platynereis dumerii	00015bd4-8e4c-5c33-a1e3-a735ba5137ed	Platynereis dumerii	false
00015bf9-6924-56ee-bad3-b0a55b8afe7d	Staurastrum tetracerum trigona	00015bf9-6924-56ee-bad3-b0a55b8afe7d	Staurastrum tetracerum trigona	false
00015ca9-7213-522d-987a-510eef8d6756	Costantinella terrestris (Link:Fr.) S. Hughes, 1958	f2b24ed9-41b7-569b-8bb9-b1a8f58db07a	Costantinella terrestris	false
00015d11-432c-577b-a8e3-a95f953905bf	Colastes hungaricus (Szepligeti, 1906)	ecbbb3cd-b87c-541c-a2cb-d36de2ff1934	Colastes hungaricus	false
